model_key,model_label,vehicle_id,plate_no,price_manwon,year,month,mileage_km,region,trim,trim_detail,sell_type,record_available,accident_free,accident_summary,accident_my_count,accident_other_count,accident_count,accident_my_cost_won,accident_other_cost_won,owner_change_count,plate_change_count,total_loss_count,flood_total_count,flood_part_count,theft_count,past_rental_count,past_business_count,past_government_count,past_commercial_use,inspection_available,insp_leak,insp_corrosion,insp_tire,insp_repair_notes,insp_repair_penalty,insp_worst_rank,insp_worst_status,insp_unclassified,insp_diagnostics,battery_pack_damage,repair_source,insp_mileage,insp_waterlog,insp_recall,insp_recall_types,insp_comments,insp_tuning,insp_usage_change,insp_serious,insp_vin,insp_accident_flag,insp_simple_repair,insp_needs_repair,accident_lines,accident_type_verdict,use_history,record_fields_null,first_registration_date,flood_or_total_loss,rental_or_commercial,one_owner,encar_diagnosed,encar_check,direct_inspected,page_available,repair_grade_source,page_repair_notes,page_repair_penalty,page_worst_rank,page_worst_status,page_unmatched_parts,page_status_unknown,page_ranks_read,page_mileage_gauge,page_mileage,page_vin_state,page_tuning,page_special_history,page_usage_change,page_recall,page_recall_done,page_accident_history,page_simple_repair,page_first_registration,page_inspection_valid,page_inspector_note,page_js_suspect,page_detail_bad,page_detail_unknown,page_ev_hv_bad,page_ev_hv_unknown,page_ev_hv_checked,page_parse_note,page_is_image,photo_count,has_underbody_photo,description_len,seizing_count,pledge_count,first_advertised,days_on_market,re_registered,lease_rent_info,insurance_not_joined,loan_count,first_seen,last_seen,price_first_manwon,price_prev_manwon,price_change_manwon,origin_price_manwon,warranty,view_count,subscribe_count,inspection_summary,photo_url,listing_url,detail_fetched,collected_at
ix_xdrive50,BMW iX,42570391,17러5772,7950,2023,8,65913,인천,xDrive50 스포츠 플러스,,일반,True,False,,1,1,2,1278161,184893,0,0,0,0,,0,,0,0,False,True,오일누유 / 미세누유 / 누유 / 냉각수누수 / 미세누수 / 누수 / 동력조향 작동 오일 누유 / 브레이크 마스터 실린더오일 누유 / 브레이크 오일 누유,,타이어,,,,,,,,,65911,False,True,"1, 이행","전기 부품 품목 보증확인요,",,,,WBY21CF07PCM62674,False,False,"외장, 내장, 광택, 룸 클리링, 휠, 타이어, 유리","2026-06-23 타차 가해 보험금 184,893원 | 2023-12-31 내차 피해(부분) 보험금 1,642,091원 (부품 222,500원, 공임 307,817원, 도장 747,844원)",검증됨 (내차 1건 / 타차 1건 일치),2 | 1,flood_part_count,2023년 08월 04일,False,False,True,True,False,False,True,,,0.0,,,,,5,양호,65911,양호,없음,없음,없음,해당,이행,없음,없음,2023년 08월 04일,2023년 08월 04일 ~ 2027년 08월 03일,성능 · 상태점검자,True,,"변속기(txt_state 에 on/active 가 없음 (판정 불가)), 연료누출(txt_state 에 on/active 가 없음 (판정 불가))",,,3,script 의 부위별 손상표에서 읽음 (init 의 data 가 null (수리 부위 없음)),False,34,False,0,0,0,2026-08-19T13:45:10,11,False,,,0,2026-08-30,2026-08-30,7950,,0,14990,,1113,4,,https://ci.encar.com/carpicture07/pic4257/42570391_,http://www.encar.com/dc/dc_cardetailview.do?carid=42570391,True,2026-08-30T21:47:57
ix_xdrive50,BMW iX,42522325,48러2881,7620,2026,7,1125,서울,xDrive45 M 스포츠,,리스,True,True,,0,0,0,0,0,0,0,0,0,,0,,0,0,False,False,,,,,,,,,,,,,,,,,,,,,,,,,사고 상세 없음,2 | 1,flood_part_count,2026-07-31,False,True,True,False,False,False,True,,,,,,,,0,,,,,,,,,,,,,,False,,,,"충전구 절연 상태(항목 없음), 구동축전지 격리 상태(항목 없음), 고전원전기배선 상태(항목 없음)",0,성능기록부가 사진(이미지)으로만 등록된 매물입니다 — 페이지에서 읽어 낼 수 있는 항목이 없습니다,True,21,False,0,,,2026-08-10T18:43:46,20,False,"{'residualMonth': 60, 'monthlyFee': 127, 'advancePrice': None, 'depositPrice': None}",,0,2026-08-30,2026-08-30,7620,,0,12680,,4042,23,,https://ci.encar.com/carpicture02/pic4252/42522325_,http://www.encar.com/dc/dc_cardetailview.do?carid=42522325,True,2026-08-30T21:47:57
ix_xdrive50,BMW iX,42553175,23거1918,9790,2025,8,8748,부산,xDrive45 M 스포츠,,리스,True,True,,0,0,0,0,0,0,1,0,0,,0,,0,0,False,False,,,,,,,,,,,,,,,,,,,,,,,,,사고 상세 없음,2 | 2 | 1 | 1,flood_part_count,2025-08-08,False,False,True,False,False,False,True,,,,,,,,0,,,,,,,,,,,,,,False,,,,"충전구 절연 상태(항목 없음), 구동축전지 격리 상태(항목 없음), 고전원전기배선 상태(항목 없음)",0,성능기록부가 사진(이미지)으로만 등록된 매물입니다 — 페이지에서 읽어 낼 수 있는 항목이 없습니다,True,26,False,0,,,2026-08-14T16:32:11,16,False,"{'residualMonth': 60, 'monthlyFee': 21, 'advancePrice': None, 'depositPrice': None}",,0,2026-08-30,2026-08-30,9790,,0,12480,,1087,8,,https://ci.encar.com/carpicture05/pic4255/42553175_,http://www.encar.com/dc/dc_cardetailview.do?carid=42553175,True,2026-08-30T21:47:57
ix_xdrive50,BMW iX,42457240,65보1676,10670,2025,4,17900,서울,xDrive50 스포츠 스페셜 에디션,,리스,True,True,,0,0,0,0,0,0,0,0,0,,0,,0,0,False,False,,,,,,,,,,,,,,,,,,,,,,,,,사고 상세 없음,2 | 1,flood_part_count,2025-04-22,False,False,True,False,False,False,True,,,,,,,,0,,,,,,,,,,,,,,False,,,,"충전구 절연 상태(항목 없음), 구동축전지 격리 상태(항목 없음), 고전원전기배선 상태(항목 없음)",0,성능기록부가 사진(이미지)으로만 등록된 매물입니다 — 페이지에서 읽어 낼 수 있는 항목이 없습니다,True,20,False,0,,,2026-07-30T13:23:07,31,False,"{'residualMonth': 44, 'monthlyFee': 149, 'advancePrice': None, 'depositPrice': None}",,0,2026-08-30,2026-08-30,10670,,0,,,821,2,,https://ci.encar.com/carpicture05/pic4245/42457240_,http://www.encar.com/dc/dc_cardetailview.do?carid=42457240,True,2026-08-30T21:47:57
ix_xdrive50,BMW iX,42228744,225하8540,8125,2026,3,8700,서울,xDrive45 M 스포츠,,렌트,True,True,,0,0,0,0,0,0,0,0,0,,0,,0,0,False,False,,,,,,,,,,,,,,,,,,,,,,,,,사고 상세 없음,3 | 1,flood_part_count,2026-03-25,False,False,True,False,False,False,True,,,,,,,,0,,,,,,,,,,,,,,False,,,,"충전구 절연 상태(항목 없음), 구동축전지 격리 상태(항목 없음), 고전원전기배선 상태(항목 없음)",0,성능기록부가 사진(이미지)으로만 등록된 매물입니다 — 페이지에서 읽어 낼 수 있는 항목이 없습니다,True,18,False,0,,,2026-08-28T14:25:42,2,False,"{'residualMonth': 55, 'monthlyFee': 195, 'advancePrice': None, 'depositPrice': None}",202603~202604,1,2026-08-30,2026-08-30,8125,,0,12480,,41,0,,https://ci.encar.com/carpicture02/pic4222/42228744_,http://www.encar.com/dc/dc_cardetailview.do?carid=42228744,True,2026-08-30T21:47:57
ix_xdrive50,BMW iX,42240238,23로7209,8140,2026,6,524,서울,xDrive45 M 스포츠,,리스,False,,,,,,,,,,,,,,,,,,False,,,,,,,,,,,,,,,,,,,,,,,,,사고 상세 없음,,,,False,True,,False,False,False,True,,,,,,,,0,,,,,,,,,,,,,,False,,,,"충전구 절연 상태(항목 없음), 구동축전지 격리 상태(항목 없음), 고전원전기배선 상태(항목 없음)",0,성능기록부가 사진(이미지)으로만 등록된 매물입니다 — 페이지에서 읽어 낼 수 있는 항목이 없습니다,True,25,False,0,,,2026-08-26T15:28:45,4,False,"{'residualMonth': 57, 'monthlyFee': 139, 'advancePrice': None, 'depositPrice': None}",,,2026-08-30,2026-08-30,8140,,0,12610,bmw코리아,73,0,,https://ci.encar.com/carpicture04/pic4224/42240238_,http://www.encar.com/dc/dc_cardetailview.do?carid=42240238,True,2026-08-30T21:47:57
ix_xdrive50,BMW iX,42106859,65두0561,10600,2026,5,150,인천,xDrive M70,,리스,True,True,,0,0,0,0,0,0,0,0,0,,0,,0,0,False,False,,,,,,,,,,,,,,,,,,,,,,,,,사고 상세 없음,2 | 1,flood_part_count,2026-05-27,False,False,True,False,False,False,True,,,,,,,,0,,,,,,,,,,,,,,False,,,,"충전구 절연 상태(항목 없음), 구동축전지 격리 상태(항목 없음), 고전원전기배선 상태(항목 없음)",0,성능기록부가 사진(이미지)으로만 등록된 매물입니다 — 페이지에서 읽어 낼 수 있는 항목이 없습니다,True,26,False,0,,,2026-06-01T18:30:09,90,False,"{'residualMonth': 57, 'monthlyFee': 190, 'advancePrice': None, 'depositPrice': None}",,0,2026-08-30,2026-08-30,10600,,0,17770,,13243,34,,https://ci.encar.com/carpicture10/pic4210/42106859_,http://www.encar.com/dc/dc_cardetailview.do?carid=42106859,True,2026-08-30T21:47:57
ix_xdrive50,BMW iX,42278842,52더2893,8100,2023,7,31000,서울,xDrive50 스포츠 플러스,,리스,True,False,,1,0,1,2560310,0,0,0,0,0,,0,,0,0,False,False,,,,,,,,,,,,,,,,,,,,,,,,"2026-04-15 내차 피해(부분) 보험금 3,597,680원 (부품 1,701,090원, 공임 377,570원, 도장 481,650원)",검증됨 (내차 1건 / 타차 0건 일치),2 | 1,flood_part_count,2023-07-31,False,True,True,False,False,False,True,,,,,,,,0,,,,,,,,,,,,,,False,,,,"충전구 절연 상태(항목 없음), 구동축전지 격리 상태(항목 없음), 고전원전기배선 상태(항목 없음)",0,성능기록부가 사진(이미지)으로만 등록된 매물입니다 — 페이지에서 읽어 낼 수 있는 항목이 없습니다,True,24,False,0,,,2026-07-01T04:24:56,60,False,"{'residualMonth': 23, 'monthlyFee': 159, 'advancePrice': None, 'depositPrice': None}",,0,2026-08-30,2026-08-30,8100,,0,14990,BMW코리아,4043,26,,https://ci.encar.com/carpicture07/pic4227/42278842_,http://www.encar.com/dc/dc_cardetailview.do?carid=42278842,True,2026-08-30T21:47:57
ix_xdrive50,BMW iX,42488966,37보5679,6300,2023,12,172611,경기,xDrive50 스포츠 플러스,,일반,True,False,,1,2,3,2693577,1218530,0,0,0,0,,0,,0,0,False,True,오일누유 / 미세누유 / 누유 / 냉각수누수 / 미세누수 / 누수 / 동력조향 작동 오일 누유 / 브레이크 마스터 실린더오일 누유 / 브레이크 오일 누유,,타이어,,,,,,,,,172589,False,True,"1, 이행","중고차 특성상 부분적인 판금,도색이 있을 수 있습니다.(FRP 및 카본재질 판독불가 보증사항에서 제외됨),내차 피해 1회 (2,693,577원)정비이력 - 뒷문",,,,WBY21CF00PCN33150,False,False,"외장, 내장, 광택, 룸 클리링, 휠, 타이어, 유리","2026-04-21 타차 가해 보험금 1,161,493원 (부품 202,085원, 공임 180,500원, 도장 220,009원) | 2024-10-02 내차 피해 보험금 2,460,000원 (부품 1,778,300원, 공임 199,433원, 도장 715,844원) | 2024-10-02 타차 가해 보험금 755,750원 (부품 95,817원, 공임 153,940원, 도장 366,179원)",검증됨 (내차 1건 / 타차 2건 일치),2 | 1,flood_part_count,2023년 12월 15일,False,False,True,True,False,False,True,,,0.0,,,,,5,양호,172589,양호,없음,없음,없음,해당,이행,없음,없음,2023년 12월 15일,2023년 12월 15일 ~ 2027년 12월 14일,성능 · 상태점검자,True,,,,,3,script 의 부위별 손상표에서 읽음 (init 의 data 가 null (수리 부위 없음)),False,20,False,0,0,0,2026-08-05T15:23:25,25,False,,,0,2026-08-30,2026-08-30,6300,,0,14990,한화,3225,20,,https://ci.encar.com/carpicture08/pic4248/42488966_,http://www.encar.com/dc/dc_cardetailview.do?carid=42488966,True,2026-08-30T21:47:57
ix_xdrive50,BMW iX,42586803,29마3434,5770,2021,12,60612,인천,xDrive40 퍼스트에디션,,일반,True,False,,3,0,3,8195509,0,1,0,0,0,,0,,0,0,False,True,오일누유 / 미세누유 / 누유 / 냉각수누수 / 미세누수 / 누수 / 동력조향 작동 오일 누유 / 브레이크 마스터 실린더오일 누유 / 브레이크 오일 누유,"A(흠집)U(요철)T(손상) 보증제외.  비금속 또는 탈부착 가능부품은 점검사항에서 제외되며, 중고차 특성상 부분적인 부식 판금 도색은 있을 수 있습니다.조수석팬더브라켓교환(DB손해보험 접수.1811-8769)",타이어,"프론트펜더(우) 교환(X) — 외판 1랭크, 구조 영향 없음 (볼트 체결 부품, 법적으로 무사고 표기 가능) | 도어(우) 교환(X) — 외판 1랭크, 구조 영향 없음 (볼트 체결 부품, 법적으로 무사고 표기 가능) | 필러패널(우) 판금/용접(W) — 골격 B랭크, 충돌이 뼈대까지 전달됨",33.7,골격B,W,,,,,60608,False,True,"1, 이행","A(흠집)U(요철)T(손상) 보증제외.  비금속 또는 탈부착 가능부품은 점검사항에서 제외되며, 중고차 특성상 부분적인 부식 판금 도색은 있을 수 있습니다.조수석팬더브라켓교환(DB손해보험 접수.1811-8769)",,,,WBY11CF09NCH8223,True,True,"외장, 내장, 광택, 룸 클리링, 휠, 타이어, 유리","2025-10-30 내차 피해 보험금 6,820,000원 (부품 5,282,329원, 공임 674,895원, 도장 749,136원) | 2023-08-26 내차 피해(부분) 보험금 200,000원 (도장 183,789원) | 2023-07-29 내차 피해(부분) 보험금 1,350,000원 (부품 1,177,900원, 공임 67,000원, 도장 60,460원)",검증됨 (내차 3건 / 타차 0건 일치),2 | 1,flood_part_count,2021년 12월 30일,False,False,True,False,False,False,True,성능기록부,"프론트펜더(우) 교환(X) — 외판 1랭크, 구조 영향 없음 (볼트 체결 부품, 법적으로 무사고 표기 가능) | 도어(우) 교환(X) — 외판 1랭크, 구조 영향 없음 (볼트 체결 부품, 법적으로 무사고 표기 가능) | 필러패널(우) 판금/용접(W) — 골격 B랭크, 충돌이 뼈대까지 전달됨",33.7,골격B,W,,,5,양호,60608,양호,없음,없음,없음,해당,이행,있음,있음,2021년 12월 30일,2025년 12월 30일 ~ 2027년 12월 29일,성능 · 상태점검자,False,,,,,3,script 의 부위별 손상표에서 읽음 (data (script #6)),False,20,False,0,0,0,2026-08-21T14:22:44,9,False,,202312~202405,0,2026-08-30,2026-08-30,5770,,0,12260,,2487,19,,https://ci.encar.com/carpicture08/pic4258/42586803_,http://www.encar.com/dc/dc_cardetailview.do?carid=42586803,True,2026-08-30T21:47:57
ix_xdrive50,BMW iX,42482603,354주4191,8850,2023,12,19153,부산,xDrive50 스포츠 플러스,,일반,True,True,,0,0,0,0,0,1,0,0,0,,0,,0,0,False,True,오일누유 / 미세누유 / 누유 / 냉각수누수 / 미세누수 / 누수 / 동력조향 작동 오일 누유 / 브레이크 마스터 실린더오일 누유 / 브레이크 오일 누유,,타이어,,,,,,,,,19163,False,True,"1, 이행","비금속(FRP 플라스틱)의 탈부착 가능 부품은 점검사항에서 제외되며 중고차 특성 상 부분적인 판금,도색 및 차량의 노후화에 따른 자연스러운 부식이 있을 수 있습니다. 기능상 영향없는 감각적 손해(소음/진동/냄새/외관/작동감각 등) 보증제외.",,,,WBY21CF09PCL53939,False,False,"외장, 내장, 광택, 룸 클리링, 휠, 타이어, 유리",,사고 상세 없음,2 | 1,flood_part_count,2023년 12월 23일,False,False,True,False,False,False,True,,,0.0,,,,,5,양호,19163,양호,없음,없음,없음,해당,이행,없음,없음,2023년 12월 23일,2024년 02월 23일 ~ 2028년 02월 22일,성능 · 상태점검자,True,,,,,3,script 의 부위별 손상표에서 읽음 (init 의 data 가 null (수리 부위 없음)),False,26,False,0,0,0,2026-08-04T11:11:29,26,False,,,0,2026-08-30,2026-08-30,8850,,0,14990,BMW코리아,3637,37,,https://ci.encar.com/carpicture08/pic4248/42482603_,http://www.encar.com/dc/dc_cardetailview.do?carid=42482603,True,2026-08-30T21:47:57
ix_xdrive50,BMW iX,42529848,55구4190,9890,2024,12,8184,서울,xDrive50 스포츠 플러스,,일반,True,True,,0,0,0,0,0,2,1,0,0,,0,,0,0,False,True,오일누유 / 미세누유 / 누유 / 냉각수누수 / 미세누수 / 누수 / 동력조향 작동 오일 누유 / 브레이크 마스터 실린더오일 누유 / 브레이크 오일 누유,"비금속 또는 탈부착 가능 부품은 점검사항에서 제외되며 중고차 특성상 부분적인 판금, 도색, 부식은 있을 수 있습니다.",타이어,,,,,,,,,8182,False,False,,"비금속 또는 탈부착 가능 부품은 점검사항에서 제외되며 중고차 특성상 부분적인 판금, 도색, 부식은 있을 수 있습니다.",,,,WBY21CF04RCS71460,False,False,"외장, 내장, 광택, 룸 클리링, 휠, 타이어, 유리",,사고 상세 없음,2 | 2 | 1 | 1,flood_part_count,2024년 12월 11일,False,False,False,True,False,True,True,,,0.0,,,,,5,양호,8182,양호,없음,없음,없음,해당없음,,없음,없음,2024년 12월 11일,2025년 02월 11일 ~ 2030년 02월 10일,성능 · 상태점검자,True,,냉각수누수(txt_state 에 on/active 가 없음 (판정 불가)),,,3,script 의 부위별 손상표에서 읽음 (init 의 data 가 null (수리 부위 없음)),False,34,True,0,0,0,2026-08-12T14:07:32,18,False,,202509~202605,0,2026-08-30,2026-08-30,9990,9990,-100,15200,BMW공식,828,4,,https://ci.encar.com/carpicture02/pic4252/42529848_,http://www.encar.com/dc/dc_cardetailview.do?carid=42529848,True,2026-08-30T21:47:58
ix_xdrive50,BMW iX,42468071,10모4788,9600,2024,8,42115,경기,xDrive50 스포츠 플러스,,일반,True,False,,1,0,1,8676211,0,0,0,0,0,,0,,0,0,False,True,오일누유 / 미세누유 / 누유 / 냉각수누수 / 미세누수 / 누수 / 동력조향 작동 오일 누유 / 브레이크 마스터 실린더오일 누유 / 브레이크 오일 누유,,타이어,,,,,,,,,42096,False,True,"1, 이행","비금속(FRP 플라스틱)의 탈부착 가능 부품은 점검사항에서 제외되며 중고차 특성 상 부분적인 판금,도색 및 차량의 노후화에 따른 자연스러운 부식이 있을 수 있습니다. / 내차피해1회 (8,676,211원) / 정비이력 있음 ",,,,WBY21CF07RCS18736,False,False,"외장, 내장, 광택, 룸 클리링, 휠, 타이어, 유리","2026-03-30 내차 피해(부분) 보험금 10,337,789원 (부품 7,984,846원, 공임 288,933원, 도장 402,432원)",검증됨 (내차 1건 / 타차 0건 일치),2 | 1,flood_part_count,2024년 08월 08일,False,False,True,True,False,False,True,,,0.0,,,,,5,양호,42096,양호,없음,없음,없음,해당,이행,없음,없음,2024년 08월 08일,2024년 08월 08일 ~ 2028년 08월 07일,성능 · 상태점검자,True,,,,,3,script 의 부위별 손상표에서 읽음 (init 의 data 가 null (수리 부위 없음)),False,36,False,0,0,0,2026-07-31T18:10:29,30,False,,,0,2026-08-30,2026-08-30,9600,,0,15200,신한손보,1500,8,,https://ci.encar.com/carpicture06/pic4246/42468071_,http://www.encar.com/dc/dc_cardetailview.do?carid=42468071,True,2026-08-30T21:47:58
ix_xdrive50,BMW iX,42423782,10노0910,8300,2023,3,68584,경기,xDrive50 스포츠 플러스,,일반,True,False,,1,1,2,663000,0,1,1,0,0,,0,,0,0,False,True,오일누유 / 미세누유 / 누유 / 냉각수누수 / 미세누수 / 누수 / 동력조향 작동 오일 누유 / 브레이크 마스터 실린더오일 누유 / 브레이크 오일 누유,"비금속(FRP 플라스틱)의 탈부착 가능 부품은 점검사항에서 제외되며 중고차 특성 상 부분적인 판금,도색 및 차량의 노후화에 따른 자연스러운 부식이 있을 수 있습니다. / 사고이력 최신화 전 / 정비이력 있음",타이어,,,,,,,,,68543,False,True,"1, 이행","비금속(FRP 플라스틱)의 탈부착 가능 부품은 점검사항에서 제외되며 중고차 특성 상 부분적인 판금,도색 및 차량의 노후화에 따른 자연스러운 부식이 있을 수 있습니다. / 사고이력 최신화 전 / 정비이력 있음 ",,,,WBY21CF0XPCL97898,False,False,"외장, 내장, 광택, 룸 클리링, 휠, 타이어, 유리","2026-03-05 내차 피해(부분) 보험금 663,000원 | 2026-03-05 타차 가해",검증됨 (내차 1건 / 타차 1건 일치),2 | 2 | 1 | 1,flood_part_count,2023년 03월 30일,False,False,True,True,False,False,True,,,0.0,,,,,5,양호,68543,양호,없음,없음,없음,해당,이행,없음,없음,2023년 03월 30일,2023년 03월 30일 ~ 2027년 03월 29일,성능 · 상태점검자,True,,,,,3,script 의 부위별 손상표에서 읽음 (init 의 data 가 null (수리 부위 없음)),False,35,False,0,0,0,2026-07-24T14:25:46,37,False,,,0,2026-08-30,2026-08-30,8300,,0,14440,신한,2923,9,,https://ci.encar.com/carpicture02/pic4242/42423782_,http://www.encar.com/dc/dc_cardetailview.do?carid=42423782,True,2026-08-30T21:47:58
ix_xdrive50,BMW iX,42365080,30더0993,10300,2024,12,12061,경기,xDrive50 스포츠 플러스,,일반,True,True,,0,0,0,0,0,1,1,0,0,,0,,0,0,False,True,오일누유 / 미세누유 / 누유 / 냉각수누수 / 미세누수 / 누수 / 동력조향 작동 오일 누유 / 브레이크 마스터 실린더오일 누유 / 브레이크 오일 누유,,타이어,,,,,,,,,12061,False,False,,,,,,WBY21CF07RCS04593,False,False,"외장, 내장, 광택, 룸 클리링, 휠, 타이어, 유리",,사고 상세 없음,3 | 2 | 1 | 1,flood_part_count,2024년 12월 11일,False,False,True,False,False,False,True,,,0.0,,,,,5,양호,12061,양호,없음,없음,없음,해당없음,,없음,없음,2024년 12월 11일,2024년 12월 11일 ~ 2026년 12월 10일,성능 · 상태점검자,True,,,,,3,script 의 부위별 손상표에서 읽음 (init 의 data 가 null (수리 부위 없음)),False,26,False,0,0,0,2026-07-14T09:35:18,47,False,,,1,2026-08-30,2026-08-30,10300,,0,15200,(주)BMW코리아,1872,22,,https://ci.encar.com/carpicture06/pic4236/42365080_,http://www.encar.com/dc/dc_cardetailview.do?carid=42365080,True,2026-08-30T21:47:58
ix_xdrive50,BMW iX,42337912,47거7691,8990,2025,8,10060,경기,xDrive45 M 스포츠,,일반,True,False,,1,1,2,12591000,3630780,0,0,0,0,,0,,0,0,False,True,오일누유 / 미세누유 / 누유 / 냉각수누수 / 미세누수 / 누수 / 동력조향 작동 오일 누유 / 브레이크 마스터 실린더오일 누유 / 브레이크 오일 누유,"라디에이터서포트 점검제외//후드 탈착,도색// 비금속(FRP 플라스틱)의 탈부착 가능 부품은 점검사항에서 제외되며 중고차 특성 상 부분적인 판금,도색 및 차량의 노후화에 따른 자연스러운 부식이 있을 수 있습니다.",타이어,,,,,,,,,10055,False,False,,"라디에이터서포트 점검제외//후드 탈착,도색// 비금속(FRP 플라스틱)의 탈부착 가능 부품은 점검사항에서 제외되며 중고차 특성 상 부분적인 판금,도색 및 차량의 노후화에 따른 자연스러운 부식이 있을 수 있습니다.",,,,WBY41CF08TCV40091,False,False,"외장, 내장, 광택, 룸 클리링, 휠, 타이어, 유리","2026-01-29 내차 피해 보험금 9,195,000원 (부품 11,000,000원, 공임 462,000원, 도장 1,129,000원) | 2026-01-29 타차 가해 보험금 2,936,000원 (부품 1,799,300원, 공임 832,710원, 도장 998,770원)",검증됨 (내차 1건 / 타차 1건 일치),2 | 1,flood_part_count,2025년 08월 18일,False,False,True,True,False,False,True,,,0.0,,,,,5,양호,10055,양호,없음,없음,없음,해당없음,,없음,없음,2025년 08월 18일,2025년 08월 18일 ~ 2030년 08월 17일,성능 · 상태점검자,True,,,,,3,script 의 부위별 손상표에서 읽음 (init 의 data 가 null (수리 부위 없음)),False,31,False,0,0,0,2026-07-10T15:26:35,51,False,,,0,2026-08-30,2026-08-30,8990,,0,12480,,5504,11,,https://ci.encar.com/carpicture03/pic4233/42337912_,http://www.encar.com/dc/dc_cardetailview.do?carid=42337912,True,2026-08-30T21:47:58
ix_xdrive50,BMW iX,42514496,263모7515,13400,2026,3,5640,대전,xDrive M70,,일반,True,True,,0,0,0,0,0,0,0,0,0,,0,,0,0,False,True,오일누유 / 미세누유 / 누유 / 냉각수누수 / 미세누수 / 누수 / 동력조향 작동 오일 누유 / 브레이크 마스터 실린더오일 누유 / 브레이크 오일 누유,,타이어,,,,,,,,,5640,False,False,,현태종,,,,WBY61CF00TCW26391,False,False,"외장, 내장, 광택, 룸 클리링, 휠, 타이어, 유리",,사고 상세 없음,2 | 1,flood_part_count,2026년 03월 24일,False,False,True,False,False,False,True,,,0.0,,,,,5,양호,5640,양호,없음,없음,없음,해당없음,,없음,없음,2026년 03월 24일,2026년 03월 24일 ~ 2031년 03월 23일,성능 · 상태점검자,True,,,,,3,script 의 부위별 손상표에서 읽음 (init 의 data 가 null (수리 부위 없음)),False,26,False,0,0,0,2026-08-08T14:11:36,22,False,,,0,2026-08-30,2026-08-30,13400,,0,17770,,1889,15,,https://ci.encar.com/carpicture01/pic4251/42514496_,http://www.encar.com/dc/dc_cardetailview.do?carid=42514496,True,2026-08-30T21:47:58
ix_xdrive50,BMW iX,42373439,108무8147,8001,2026,7,524,충남,xDrive45 M 스포츠,,리스,False,,,,,,,,,,,,,,,,,,False,,,,,,,,,,,,,,,,,,,,,,,,,사고 상세 없음,,,,False,True,,False,False,False,True,,,,,,,,0,,,,,,,,,,,,,,False,,,,"충전구 절연 상태(항목 없음), 구동축전지 격리 상태(항목 없음), 고전원전기배선 상태(항목 없음)",0,성능기록부가 사진(이미지)으로만 등록된 매물입니다 — 페이지에서 읽어 낼 수 있는 항목이 없습니다,True,26,False,0,,,2026-07-15T10:03:56,46,False,"{'residualMonth': 58, 'monthlyFee': 139, 'advancePrice': None, 'depositPrice': None}",,,2026-08-30,2026-08-30,8001,,0,12680,bmw코리아,1600,9,,https://ci.encar.com/carpicture07/pic4237/42373439_,http://www.encar.com/dc/dc_cardetailview.do?carid=42373439,True,2026-08-30T21:47:58
ix_xdrive50,BMW iX,42623160,11러3762,7490,2022,11,104449,경기,xDrive50 스포츠 플러스,,일반,True,False,,2,0,2,11544770,0,0,0,0,0,,0,,0,0,False,True,오일누유 / 미세누유 / 누유 / 냉각수누수 / 미세누수 / 누수 / 동력조향 작동 오일 누유 / 브레이크 마스터 실린더오일 누유 / 브레이크 오일 누유,,타이어,,,,,,,,,104444,False,True,"1, 이행","FRP등 비금속 또는 탈부착 가능 부품은 점검사항에서 제외되며 중고차 특성상 또는 상품화하는 과정에 부분적인 판금, 도색은 있을 수 있습니다/ 정비이력 1건 있음, 확인요망 /",,,,WBY21CF08PCL66858,False,False,"외장, 내장, 광택, 룸 클리링, 휠, 타이어, 유리","2025-04-17 내차 피해 보험금 760,000원 (부품 1,486,080원, 공임 291,930원, 도장 482,160원) | 2023-05-19 내차 피해 보험금 9,700,000원 (부품 8,595,600원, 공임 689,000원)",검증됨 (내차 2건 / 타차 0건 일치),2 | 1,flood_part_count,2022년 11월 28일,False,False,True,True,False,False,True,,,0.0,,,,,5,양호,104444,양호,없음,없음,없음,해당,이행,없음,없음,2022년 11월 28일,2022년 11월 28일 ~ 2026년 11월 27일,성능 · 상태점검자,True,,냉각수누수(txt_state 에 on/active 가 없음 (판정 불가)),,,3,script 의 부위별 손상표에서 읽음 (init 의 data 가 null (수리 부위 없음)),False,41,False,0,0,0,2026-08-28T11:33:19,2,False,,,0,2026-08-30,2026-08-30,7490,,0,14440,보험사,98,1,,https://ci.encar.com/carpicture02/pic4262/42623160_,http://www.encar.com/dc/dc_cardetailview.do?carid=42623160,True,2026-08-30T21:47:59
ix_xdrive50,BMW iX,41294137,55구2288,6990,2021,12,36331,전남광주,xDrive40 퍼스트에디션,,일반,True,False,,5,2,7,31112760,4757530,1,0,0,0,,0,,0,0,False,True,,,,,0.0,,,,,False,,,,,,,,,,,False,False,,"2025-03-06 내차 피해 보험금 10,300,000원 (부품 7,216,390원, 공임 663,780원, 도장 2,151,810원) | 2025-01-31 타차 가해 보험금 192,800원 (부품 208,960원, 공임 626,840원, 도장 921,730원) | 2025-01-30 내차 피해(부분) 보험금 4,291,510원 (부품 1,507,800원, 공임 287,210원, 도장 471,030원) | 2024-06-24 내차 피해 보험금 1,769,000원 (부품 1,790,140원, 공임 223,380원) | 2023-08-24 내차 피해 보험금 2,270,000원 (부품 2,098,100원, 공임 313,500원, 도장 110,000원) | 2022-12-04 내차 피해 보험금 15,010,000원 (부품 12,214,803원, 공임 1,378,250원, 도장 686,567원) | 2022-12-01 타차 가해 보험금 3,000,000원",검증됨 (내차 5건 / 타차 2건 일치),2 | 1,flood_part_count,2021-12-24,False,False,True,True,False,False,True,,,,,,,,0,,,,,,,,,없음,없음,,,,False,,,,"충전구 절연 상태(항목 없음), 구동축전지 격리 상태(항목 없음), 고전원전기배선 상태(항목 없음)",0,성능기록부가 사진(이미지)으로만 등록된 매물입니다 — 페이지에서 읽어 낼 수 있는 항목이 없습니다,True,20,False,0,0,0,2026-07-11T09:49:27,50,True,,202312~202403 | 202503~202510,0,2026-08-30,2026-08-30,6990,,0,12260,배터리보증,6471,29,,https://ci.encar.com/carpicture09/pic4129/41294137_,http://www.encar.com/dc/dc_cardetailview.do?carid=41294137,True,2026-08-30T21:47:58
ix_xdrive50,BMW iX,42138033,45가1847,7937,2026,5,865,서울,xDrive45 M 스포츠,,리스,False,,,,,,,,,,,,,,,,,,False,,,,,,,,,,,,,,,,,,,,,,,,,사고 상세 없음,,,,False,True,,False,False,False,True,,,,,,,,0,,,,,,,,,,,,,,False,,,,"충전구 절연 상태(항목 없음), 구동축전지 격리 상태(항목 없음), 고전원전기배선 상태(항목 없음)",0,성능기록부가 사진(이미지)으로만 등록된 매물입니다 — 페이지에서 읽어 낼 수 있는 항목이 없습니다,True,26,False,0,,,2026-08-06T09:41:33,24,False,"{'residualMonth': 57, 'monthlyFee': 143, 'advancePrice': None, 'depositPrice': None}",,,2026-08-30,2026-08-30,7937,,0,12480,bmw코리아,366,3,,https://ci.encar.com/carpicture03/pic4213/42138033_,http://www.encar.com/dc/dc_cardetailview.do?carid=42138033,True,2026-08-30T21:47:59
ix_xdrive50,BMW iX,42612367,238도7128,12000,2025,6,10041,인천,xDrive60 M 스포츠 프로,,리스,True,False,,1,0,1,1644000,0,0,0,0,0,,0,,0,0,False,False,,,,,,,,,,,,,,,,,,,,,,,,"2026-05-26 내차 피해 보험금 1,644,000원",검증됨 (내차 1건 / 타차 0건 일치),2 | 1,flood_part_count,2025-06-23,False,False,True,False,False,False,True,,,,,,,,0,,,,,,,,,,,,,,False,,,,"충전구 절연 상태(항목 없음), 구동축전지 격리 상태(항목 없음), 고전원전기배선 상태(항목 없음)",0,성능기록부가 사진(이미지)으로만 등록된 매물입니다 — 페이지에서 읽어 낼 수 있는 항목이 없습니다,True,6,False,0,0,0,2026-08-26T11:20:55,4,False,"{'residualMonth': 60, 'monthlyFee': 201, 'advancePrice': None, 'depositPrice': None}",202506~202507,0,2026-08-30,2026-08-30,12000,,0,,BMW 공식서비스센터,88,1,,https://ci.encar.com/carpicture01/pic4261/42612367_,http://www.encar.com/dc/dc_cardetailview.do?carid=42612367,True,2026-08-30T21:47:59
ix_xdrive50,BMW iX,42573481,27루5060,11500,2025,1,26123,경기,xDrive M60,,일반,True,True,,0,0,0,0,0,0,0,0,0,,0,,0,0,False,True,,,,,0.0,,,,,False,,,,,,,,,,,False,False,,,사고 상세 없음,2 | 1,flood_part_count,2025-01-24,False,True,True,False,False,False,True,,,,,,,,0,,,,,,,,,없음,없음,,,,False,,,,"충전구 절연 상태(항목 없음), 구동축전지 격리 상태(항목 없음), 고전원전기배선 상태(항목 없음)",0,성능기록부가 사진(이미지)으로만 등록된 매물입니다 — 페이지에서 읽어 낼 수 있는 항목이 없습니다,True,22,False,0,0,0,2026-08-19T17:18:21,11,False,,,0,2026-08-30,2026-08-30,11500,,0,16390,bmw,129,1,,https://ci.encar.com/carpicture07/pic4257/42573481_,http://www.encar.com/dc/dc_cardetailview.do?carid=42573481,True,2026-08-30T21:47:59
ix_xdrive50,BMW iX,42577757,391저7493,9500,2026,3,4115,경남,xDrive45 M 스포츠,,리스,True,True,,0,0,0,0,0,0,0,0,0,,0,,0,0,False,False,,,,,,,,,,,,,,,,,,,,,,,,,사고 상세 없음,2 | 1,flood_part_count,2026-03-25,False,False,True,False,False,False,True,,,,,,,,0,,,,,,,,,,,,,,False,,,,"충전구 절연 상태(항목 없음), 구동축전지 격리 상태(항목 없음), 고전원전기배선 상태(항목 없음)",0,성능기록부가 사진(이미지)으로만 등록된 매물입니다 — 페이지에서 읽어 낼 수 있는 항목이 없습니다,True,26,False,0,0,0,2026-08-20T12:15:46,10,False,"{'residualMonth': 60, 'monthlyFee': 21, 'advancePrice': None, 'depositPrice': None}",,0,2026-08-30,2026-08-30,9500,,0,12480,BMW,456,8,,https://ci.encar.com/carpicture07/pic4257/42577757_,http://www.encar.com/dc/dc_cardetailview.do?carid=42577757,True,2026-08-30T21:47:59
ix_xdrive50,BMW iX,42288582,56우6485,9300,2026,1,7769,경기,xDrive45 M 스포츠,,리스,True,True,,0,0,0,0,0,0,0,0,0,,0,,0,0,False,True,,,,,0.0,,,,,False,,,,,,,,,,,False,False,,,사고 상세 없음,2 | 1,flood_part_count,2026-01-28,False,False,True,False,False,False,True,,,,,,,,0,,,,,,,,,없음,없음,,,,False,,,,"충전구 절연 상태(항목 없음), 구동축전지 격리 상태(항목 없음), 고전원전기배선 상태(항목 없음)",0,성능기록부가 사진(이미지)으로만 등록된 매물입니다 — 페이지에서 읽어 낼 수 있는 항목이 없습니다,True,26,False,0,0,0,2026-07-01T14:44:17,60,False,"{'residualMonth': 48, 'monthlyFee': 127, 'advancePrice': None, 'depositPrice': None}",,0,2026-08-30,2026-08-30,9300,,0,12480,BMW공식서비스센터,2906,10,,https://ci.encar.com/carpicture08/pic4228/42288582_,http://www.encar.com/dc/dc_cardetailview.do?carid=42288582,True,2026-08-30T21:47:59
ix_xdrive50,BMW iX,42619732,02마6778,6800,2022,1,44030,경기,xDrive40 퍼스트에디션,,리스,True,True,,0,0,0,0,0,0,0,0,0,,0,,0,0,False,True,,,,,0.0,,,,,False,,,,,,,,,,,False,False,,,사고 상세 없음,2 | 1,flood_part_count,2022-01-13,False,False,True,False,False,False,True,,,,,,,,0,,,,,,,,,없음,없음,,,,False,,,,"충전구 절연 상태(항목 없음), 구동축전지 격리 상태(항목 없음), 고전원전기배선 상태(항목 없음)",0,성능기록부가 사진(이미지)으로만 등록된 매물입니다 — 페이지에서 읽어 낼 수 있는 항목이 없습니다,True,16,False,0,0,0,2026-08-27T10:31:02,3,False,"{'residualMonth': 60, 'monthlyFee': 113, 'advancePrice': None, 'depositPrice': None}",,0,2026-08-30,2026-08-30,6800,,0,12260,BMW바바리안모터스,85,1,,https://ci.encar.com/carpicture01/pic4261/42619732_,http://www.encar.com/dc/dc_cardetailview.do?carid=42619732,True,2026-08-30T21:47:59
ix_xdrive50,BMW iX,42478480,03구1976,9600,2024,7,24900,서울,xDrive50 스포츠 플러스,,리스,True,True,,0,0,0,0,0,0,0,0,0,,0,,0,0,False,True,오일누유 / 미세누유 / 누유 / 냉각수누수 / 미세누수 / 누수 / 동력조향 작동 오일 누유 / 브레이크 마스터 실린더오일 누유 / 브레이크 오일 누유,,타이어,,,,,,,,,24900,False,False,,,,,,WBY21CF00RCR71203,False,False,"외장, 내장, 광택, 룸 클리링, 휠, 타이어, 유리",,사고 상세 없음,2 | 1,flood_part_count,2024년 07월 30일,False,False,True,False,False,False,True,,,0.0,,,,,5,양호,24900,양호,없음,없음,없음,해당없음,,없음,없음,2024년 07월 30일,2024년 07월 30일 ~ 2028년 07월 29일,성능 · 상태점검자,True,,,,,3,script 의 부위별 손상표에서 읽음 (init 의 data 가 null (수리 부위 없음)),False,17,False,0,0,0,2026-08-03T15:33:49,27,False,"{'residualMonth': 60, 'monthlyFee': 159, 'advancePrice': None, 'depositPrice': None}",202503~202504,0,2026-08-30,2026-08-30,9600,,0,15200,BMW Korea,465,5,,https://ci.encar.com/carpicture07/pic4247/42478480_,http://www.encar.com/dc/dc_cardetailview.do?carid=42478480,True,2026-08-30T21:47:59
ix_xdrive50,BMW iX,42496537,01로6402,9400,2026,3,4140,충남,xDrive45 M 스포츠,,리스,True,True,,0,0,0,0,0,0,0,0,0,,0,,0,0,False,True,,,,,0.0,,,,,False,,,,,,,,,,,False,False,,,사고 상세 없음,2 | 1,flood_part_count,2026-03-26,False,False,True,False,False,False,True,,,,,,,,0,,,,,,,,,없음,없음,,,,False,,,,"충전구 절연 상태(항목 없음), 구동축전지 격리 상태(항목 없음), 고전원전기배선 상태(항목 없음)",0,성능기록부가 사진(이미지)으로만 등록된 매물입니다 — 페이지에서 읽어 낼 수 있는 항목이 없습니다,True,26,False,0,0,0,2026-08-12T10:24:05,18,False,"{'residualMonth': 60, 'monthlyFee': 148, 'advancePrice': None, 'depositPrice': None}",,0,2026-08-30,2026-08-30,9400,,0,12480,BMW제조사보증,751,11,,https://ci.encar.com/carpicture09/pic4249/42496537_,http://www.encar.com/dc/dc_cardetailview.do?carid=42496537,True,2026-08-30T21:47:59
ix_xdrive50,BMW iX,42619399,35모7192,9700,2024,12,31000,서울,xDrive50 스포츠 플러스,,일반,True,True,,0,0,0,0,0,1,0,0,0,,0,,0,0,False,False,,,,,,,,,,,,,,,,,,,,,,,,,사고 상세 없음,2 | 1,flood_part_count,2025-02-25,False,False,True,False,False,False,True,,,,,,,,0,,,,,,,,,,,,,,False,,,,"충전구 절연 상태(항목 없음), 구동축전지 격리 상태(항목 없음), 고전원전기배선 상태(항목 없음)",0,성능기록부가 사진(이미지)으로만 등록된 매물입니다 — 페이지에서 읽어 낼 수 있는 항목이 없습니다,True,26,False,0,,,2026-08-27T21:35:07,3,False,,202507~202508,0,2026-08-30,2026-08-30,9700,,0,15200,,236,1,,https://ci.encar.com/carpicture01/pic4261/42619399_,http://www.encar.com/dc/dc_cardetailview.do?carid=42619399,True,2026-08-30T21:47:59
ix_xdrive50,BMW iX,42607813,10러8524,12500,2025,11,4941,경기,xDrive60 M 스포츠 프로,,리스,True,True,,0,0,0,0,0,0,0,0,0,,0,,0,0,False,True,,,,,0.0,,,,,False,,,,,,,,,,,False,False,,,사고 상세 없음,2 | 1,flood_part_count,2025-11-25,False,False,True,False,False,False,True,,,,,,,,0,,,,,,,,,없음,없음,,,,False,,,,"충전구 절연 상태(항목 없음), 구동축전지 격리 상태(항목 없음), 고전원전기배선 상태(항목 없음)",0,성능기록부가 사진(이미지)으로만 등록된 매물입니다 — 페이지에서 읽어 낼 수 있는 항목이 없습니다,True,26,False,0,0,0,2026-08-25T16:21:58,5,False,"{'residualMonth': 60, 'monthlyFee': 196, 'advancePrice': None, 'depositPrice': None}",,0,2026-08-30,2026-08-30,12500,,0,15380,BMW,329,5,,https://ci.encar.com/carpicture10/pic4260/42607813_,http://www.encar.com/dc/dc_cardetailview.do?carid=42607813,True,2026-08-30T21:47:59
ix_xdrive50,BMW iX,42544812,166수6785,9600,2026,1,4092,서울,xDrive45 M 스포츠,,일반,True,True,,0,0,0,0,0,0,0,0,0,,0,,0,0,False,True,,,,,0.0,,,,,False,,,,,,,,,,,False,False,,,사고 상세 없음,2 | 1,flood_part_count,2026-01-27,False,False,True,False,False,False,True,,,,,,,,0,,,,,,,,,없음,없음,,,,False,,,,"충전구 절연 상태(항목 없음), 구동축전지 격리 상태(항목 없음), 고전원전기배선 상태(항목 없음)",0,성능기록부가 사진(이미지)으로만 등록된 매물입니다 — 페이지에서 읽어 낼 수 있는 항목이 없습니다,True,26,False,0,0,0,2026-08-13T13:42:12,17,False,,,0,2026-08-30,2026-08-30,9600,,0,12480,BMW,1515,13,,https://ci.encar.com/carpicture04/pic4254/42544812_,http://www.encar.com/dc/dc_cardetailview.do?carid=42544812,True,2026-08-30T21:47:59
ix_xdrive50,BMW iX,42524472,02두7771,8390,2023,6,38095,경기,xDrive50 스포츠 플러스,,일반,True,False,,1,0,1,516369,0,1,0,0,0,,0,,0,0,False,True,오일누유 / 미세누유 / 누유 / 냉각수누수 / 미세누수 / 누수 / 동력조향 작동 오일 누유 / 브레이크 마스터 실린더오일 누유 / 브레이크 오일 누유,,타이어,,,,,,,,,38085,False,False,,주식회사 팀모터스 안상준,,,,WBY21CF03PCM75826,False,False,"외장, 내장, 광택, 룸 클리링, 휠, 타이어, 유리","2025-05-16 내차 피해 보험금 167,600원 (공임 140,000원, 도장 376,369원)",검증됨 (내차 1건 / 타차 0건 일치),2 | 1,flood_part_count,2023년 06월 29일,False,False,True,True,False,False,True,,,0.0,,,,,5,양호,38085,양호,없음,없음,없음,해당없음,,없음,없음,2023년 06월 29일,2023년 06월 29일 ~ 2027년 06월 28일,성능 · 상태점검자,True,,,,,3,script 의 부위별 손상표에서 읽음 (init 의 data 가 null (수리 부위 없음)),False,46,False,0,0,0,2026-08-12T10:58:42,18,False,,,0,2026-08-30,2026-08-30,8390,,0,14750,,1271,14,,https://ci.encar.com/carpicture02/pic4252/42524472_,http://www.encar.com/dc/dc_cardetailview.do?carid=42524472,True,2026-08-30T21:47:59
ix_xdrive50,BMW iX,42505276,10서8604,14800,2026,7,400,서울,xDrive60 M 스포츠 프로,,리스,True,True,,0,0,0,0,0,0,0,0,0,,0,,0,0,False,False,,,,,,,,,,,,,,,,,,,,,,,,,사고 상세 없음,2 | 1,flood_part_count,2026-07-28,False,False,True,False,False,False,True,,,,,,,,0,,,,,,,,,,,,,,False,,,,"충전구 절연 상태(항목 없음), 구동축전지 격리 상태(항목 없음), 고전원전기배선 상태(항목 없음)",0,성능기록부가 사진(이미지)으로만 등록된 매물입니다 — 페이지에서 읽어 낼 수 있는 항목이 없습니다,True,26,False,0,,,2026-08-06T17:36:10,24,False,"{'residualMonth': 60, 'monthlyFee': 167, 'advancePrice': None, 'depositPrice': None}",,0,2026-08-30,2026-08-30,14800,,0,15670,bmw,1928,11,,https://ci.encar.com/carpicture10/pic4250/42505276_,http://www.encar.com/dc/dc_cardetailview.do?carid=42505276,True,2026-08-30T21:47:59
ix_xdrive50,BMW iX,42620481,33노4262,6250,2021,12,104342,경기,xDrive40 퍼스트에디션,,일반,True,False,,2,2,4,10619686,2804060,3,0,0,0,,0,,0,0,False,False,,,,,,,,,,,,,,,,,,,,,,,,"2025-11-21 내차 피해(부분) 보험금 12,297,184원 (부품 7,135,400원, 공임 500,117원, 도장 1,076,425원) | 2023-08-22 타차 가해 보험금 1,024,800원 (부품 12,630원, 공임 137,030원, 도장 351,250원) | 2022-04-29 내차 피해(부분) 보험금 2,001,000원 (부품 803,182원, 공임 110,833원, 도장 993,729원) | 2022-02-25 타차 가해 보험금 2,852,420원 (부품 1,035,450원, 공임 534,400원, 도장 733,300원)",검증됨 (내차 2건 / 타차 2건 일치),2 | 1,flood_part_count,2021-12-29,False,False,False,True,False,False,True,,,,,,,,0,,,,,,,,,,,,,,False,,,,"충전구 절연 상태(항목 없음), 구동축전지 격리 상태(항목 없음), 고전원전기배선 상태(항목 없음)",0,성능기록부가 사진(이미지)으로만 등록된 매물입니다 — 페이지에서 읽어 낼 수 있는 항목이 없습니다,True,44,False,0,,,2026-08-28T14:16:55,2,False,,,0,2026-08-30,2026-08-30,6250,,0,12260,,70,0,,https://ci.encar.com/carpicture02/pic4262/42620481_,http://www.encar.com/dc/dc_cardetailview.do?carid=42620481,True,2026-08-30T21:47:59
ix_xdrive50,BMW iX,42429899,05오6654,8494,2023,10,42000,경기,xDrive50 스포츠 플러스,,리스,True,True,,0,0,0,0,0,0,0,0,0,,0,,0,0,False,False,,,,,,,,,,,,,,,,,,,,,,,,,사고 상세 없음,2 | 1,flood_part_count,2023-10-17,False,False,True,False,False,False,True,,,,,,,,0,,,,,,,,,,,,,,False,,,,"충전구 절연 상태(항목 없음), 구동축전지 격리 상태(항목 없음), 고전원전기배선 상태(항목 없음)",0,성능기록부가 사진(이미지)으로만 등록된 매물입니다 — 페이지에서 읽어 낼 수 있는 항목이 없습니다,True,15,False,0,0,0,2026-07-24T18:11:45,37,False,"{'residualMonth': 26, 'monthlyFee': 187, 'advancePrice': None, 'depositPrice': None}",,0,2026-08-30,2026-08-30,8494,,0,14990,,568,11,,https://ci.encar.com/carpicture02/pic4242/42429899_,http://www.encar.com/dc/dc_cardetailview.do?carid=42429899,True,2026-08-30T21:47:59
ix_xdrive50,BMW iX,42068963,12하3090,8500,2023,8,53226,충북,xDrive50 스포츠 플러스,,일반,True,True,,0,0,0,0,0,0,0,0,0,,0,,0,0,False,True,오일누유 / 미세누유 / 누유 / 냉각수누수 / 미세누수 / 누수 / 동력조향 작동 오일 누유 / 브레이크 마스터 실린더오일 누유 / 브레이크 오일 누유,,타이어,,,,,,,,,53218,False,False,,,,"1, 렌트",,WBY21CF04PCM88181,False,False,"외장, 내장, 광택, 룸 클리링, 휠, 타이어, 유리",,사고 상세 없음,3 | 1,flood_part_count,2023년 08월 30일,False,True,True,False,False,False,True,,,0.0,,,,,5,양호,53218,양호,없음,없음,있음,해당없음,,없음,없음,2023년 08월 30일,2025년 11월 13일 ~ 2026년 11월 12일,성능 · 상태점검자,True,,,,,3,script 의 부위별 손상표에서 읽음 (init 의 data 가 null (수리 부위 없음)),False,21,False,0,0,0,2026-07-25T15:23:01,36,False,,202308~202603,1,2026-08-30,2026-08-30,8500,,0,14990,bmw,1083,15,,https://ci.encar.com/carpicture06/pic4206/42068963_,http://www.encar.com/dc/dc_cardetailview.do?carid=42068963,True,2026-08-30T21:47:59
ix_xdrive50,BMW iX,42058553,19노5771,15162,2024,6,65085,인천,xDrive50 스포츠 플러스,,리스,True,False,,1,0,1,3709300,0,0,0,0,0,,0,,0,0,False,False,,,,,,,,,,,,,,,,,,,,,,,,"2025-09-27 내차 피해(부분) 보험금 4,570,000원 (부품 1,930,900원, 공임 587,225원, 도장 1,191,175원)",검증됨 (내차 1건 / 타차 0건 일치),2 | 1,flood_part_count,2024-06-18,False,False,True,False,False,False,True,,,,,,,,0,,,,,,,,,,,,,,False,,,,"충전구 절연 상태(항목 없음), 구동축전지 격리 상태(항목 없음), 고전원전기배선 상태(항목 없음)",0,성능기록부가 사진(이미지)으로만 등록된 매물입니다 — 페이지에서 읽어 낼 수 있는 항목이 없습니다,True,17,False,0,,,2026-06-05T15:09:10,86,False,"{'residualMonth': 34, 'monthlyFee': 230, 'advancePrice': None, 'depositPrice': None}",,0,2026-08-30,2026-08-30,15162,,0,15200,bmw코리아,1144,2,,https://ci.encar.com/carpicture05/pic4205/42058553_,http://www.encar.com/dc/dc_cardetailview.do?carid=42058553,True,2026-08-30T21:47:59
ix_xdrive50,BMW iX,42440403,03구1924,10300,2024,7,44629,경남,xDrive50 스포츠 플러스,,일반,True,False,,1,0,1,605060,0,1,0,0,0,,0,,0,0,False,True,오일누유 / 미세누유 / 누유 / 냉각수누수 / 미세누수 / 누수 / 동력조향 작동 오일 누유 / 브레이크 마스터 실린더오일 누유 / 브레이크 오일 누유,,타이어,,,,,,,,,44629,False,False,,.,,,,0,False,False,"외장, 내장, 광택, 룸 클리링, 휠, 타이어, 유리","2025-06-16 내차 피해(부분) 보험금 691,550원 (부품 365,230원, 공임 37,900원, 도장 201,930원)",검증됨 (내차 1건 / 타차 0건 일치),2 | 1,flood_part_count,2024년 07월 30일,False,False,True,False,False,False,True,,,0.0,,,,,5,양호,44629,양호,없음,없음,없음,해당없음,,없음,없음,2024년 07월 30일,2024년 07월 30일 ~ 2028년 07월 29일,성능 · 상태점검자,True,,,,,3,script 의 부위별 손상표에서 읽음 (init 의 data 가 null (수리 부위 없음)),False,24,False,0,0,0,2026-07-27T17:59:44,34,False,,202604~202605,0,2026-08-30,2026-08-30,10300,,0,15200,,544,5,,https://ci.encar.com/carpicture04/pic4244/42440403_,http://www.encar.com/dc/dc_cardetailview.do?carid=42440403,True,2026-08-30T21:47:59
ix_xdrive50,BMW iX,42497731,15보4847,7655,2026,4,4000,대구,xDrive45 M 스포츠 퍼스트 에디션,,리스,True,True,,0,0,0,0,0,0,0,0,0,,0,,0,0,False,False,,,,,,,,,,,,,,,,,,,,,,,,,사고 상세 없음,2 | 1,flood_part_count,2026-04-17,False,False,True,False,False,False,True,,,,,,,,0,,,,,,,,,,,,,,False,,,,"충전구 절연 상태(항목 없음), 구동축전지 격리 상태(항목 없음), 고전원전기배선 상태(항목 없음)",0,성능기록부가 사진(이미지)으로만 등록된 매물입니다 — 페이지에서 읽어 낼 수 있는 항목이 없습니다,True,16,False,0,,,2026-08-06T03:36:02,24,False,"{'residualMonth': 56, 'monthlyFee': 135, 'advancePrice': None, 'depositPrice': None}",,0,2026-08-30,2026-08-30,7655,,0,12710,,788,5,,https://ci.encar.com/carpicture09/pic4249/42497731_,http://www.encar.com/dc/dc_cardetailview.do?carid=42497731,True,2026-08-30T21:47:59
ix_xdrive50,BMW iX,42503804,19조6494,9097,2023,10,56700,서울,xDrive50 스포츠 플러스,,리스,True,False,,1,0,1,1832543,0,0,0,0,0,,0,,0,0,False,False,,,,,,,,,,,,,,,,,,,,,,,,"2025-05-24 내차 피해 보험금 1,612,600원 (부품 412,254원, 공임 705,000원, 도장 715,289원)",검증됨 (내차 1건 / 타차 0건 일치),2 | 1,flood_part_count,2023-10-25,False,False,True,False,False,False,True,,,,,,,,0,,,,,,,,,,,,,,False,,,,"충전구 절연 상태(항목 없음), 구동축전지 격리 상태(항목 없음), 고전원전기배선 상태(항목 없음)",0,성능기록부가 사진(이미지)으로만 등록된 매물입니다 — 페이지에서 읽어 낼 수 있는 항목이 없습니다,True,22,False,0,,,2026-08-06T15:54:28,24,False,"{'residualMonth': 26, 'monthlyFee': 192, 'advancePrice': None, 'depositPrice': None}",,0,2026-08-30,2026-08-30,9097,,0,14990,,228,0,,https://ci.encar.com/carpicture10/pic4250/42503804_,http://www.encar.com/dc/dc_cardetailview.do?carid=42503804,True,2026-08-30T21:47:59
ix_xdrive50,BMW iX,42471185,23고8730,6200,2021,12,78000,서울,xDrive40 퍼스트에디션,,일반,True,False,,2,1,3,10266780,3008038,2,0,0,0,,0,,0,0,False,False,,,,,,,,,,,,,,,,,,,,,,,,"2025-12-30 내차 피해 보험금 5,576,400원 (부품 4,740,310원, 공임 270,836원, 도장 216,864원) | 2025-12-30 타차 가해 보험금 787,626원 (부품 727,149원, 공임 1,031,000원, 도장 1,249,889원) | 2024-01-05 내차 피해 보험금 5,000,000원 (부품 4,543,340원, 공임 495,430원)",검증됨 (내차 2건 / 타차 1건 일치),2 | 1,flood_part_count,2021-12-22,False,False,False,False,False,False,True,,,,,,,,0,,,,,,,,,,,,,,False,,,,"충전구 절연 상태(항목 없음), 구동축전지 격리 상태(항목 없음), 고전원전기배선 상태(항목 없음)",0,성능기록부가 사진(이미지)으로만 등록된 매물입니다 — 페이지에서 읽어 낼 수 있는 항목이 없습니다,True,7,False,0,,,2026-08-01T10:34:35,29,False,,,0,2026-08-30,2026-08-30,6200,,0,12260,8년160000KM 배터리보증,1336,14,,https://ci.encar.com/carpicture07/pic4247/42471185_,http://www.encar.com/dc/dc_cardetailview.do?carid=42471185,True,2026-08-30T21:47:59
ix_xdrive50,BMW iX,42413430,27우1215,10410,2024,12,26746,경기,xDrive50 스포츠 플러스,,리스,True,False,,1,0,1,2101531,0,0,0,0,0,,0,,0,0,False,False,,,,,,,,,,,,,,,,,,,,,,,,"2026-04-02 내차 피해 보험금 1,848,000원 (부품 1,838,699원, 공임 262,832원)",검증됨 (내차 1건 / 타차 0건 일치),2 | 1,flood_part_count,2025-01-03,False,False,True,False,False,False,True,,,,,,,,0,,,,,,,,,,,,,,False,,,,"충전구 절연 상태(항목 없음), 구동축전지 격리 상태(항목 없음), 고전원전기배선 상태(항목 없음)",0,성능기록부가 사진(이미지)으로만 등록된 매물입니다 — 페이지에서 읽어 낼 수 있는 항목이 없습니다,True,21,False,0,0,0,2026-07-22T17:31:12,39,False,"{'residualMonth': 41, 'monthlyFee': 200, 'advancePrice': None, 'depositPrice': None}",,0,2026-08-30,2026-08-30,10410,,0,15200,,702,4,,https://ci.encar.com/carpicture01/pic4241/42413430_,http://www.encar.com/dc/dc_cardetailview.do?carid=42413430,True,2026-08-30T21:47:59
ix_xdrive50,BMW iX,42611512,50오9363,10185,2025,5,32000,서울,xDrive50 스포츠 스페셜 에디션,,리스,True,True,,0,0,0,0,0,0,0,0,0,,0,,0,0,False,False,,,,,,,,,,,,,,,,,,,,,,,,,사고 상세 없음,2 | 1,flood_part_count,2025-05-08,False,False,True,False,False,False,True,,,,,,,,0,,,,,,,,,,,,,,False,,,,"충전구 절연 상태(항목 없음), 구동축전지 격리 상태(항목 없음), 고전원전기배선 상태(항목 없음)",0,성능기록부가 사진(이미지)으로만 등록된 매물입니다 — 페이지에서 읽어 낼 수 있는 항목이 없습니다,True,10,False,0,,,2026-08-26T10:50:49,4,False,"{'residualMonth': 45, 'monthlyFee': 123, 'advancePrice': None, 'depositPrice': None}",,0,2026-08-30,2026-08-30,10185,,0,,,84,0,,https://ci.encar.com/carpicture01/pic4261/42611512_,http://www.encar.com/dc/dc_cardetailview.do?carid=42611512,True,2026-08-30T21:47:59
ix_xdrive50,BMW iX,42576989,43라1294,6890,2022,1,40300,부산,xDrive40 퍼스트에디션,,리스,True,False,,2,0,2,6208390,0,0,0,0,0,,0,,0,0,False,False,,,,,,,,,,,,,,,,,,,,,,,,"2026-06-22 내차 피해 보험금 1,998,000원 (공임 1,239,200원, 도장 1,047,000원) | 2024-03-28 내차 피해(부분) 보험금 5,358,690원 (부품 1,596,330원, 공임 984,000원, 도장 1,341,860원)",검증됨 (내차 2건 / 타차 0건 일치),2 | 1,flood_part_count,2022-01-20,False,False,True,False,False,False,True,,,,,,,,0,,,,,,,,,,,,,,False,,,,"충전구 절연 상태(항목 없음), 구동축전지 격리 상태(항목 없음), 고전원전기배선 상태(항목 없음)",0,성능기록부가 사진(이미지)으로만 등록된 매물입니다 — 페이지에서 읽어 낼 수 있는 항목이 없습니다,True,14,False,0,,,2026-08-20T11:09:57,10,False,"{'residualMonth': 52, 'monthlyFee': 107, 'advancePrice': None, 'depositPrice': None}",,0,2026-08-30,2026-08-30,6890,,0,12260,BMW파이낸셜,235,5,,https://ci.encar.com/carpicture07/pic4257/42576989_,http://www.encar.com/dc/dc_cardetailview.do?carid=42576989,True,2026-08-30T21:48:00
ix_xdrive50,BMW iX,42140437,46두4508,9116,2025,8,10400,경기,xDrive45 M 스포츠,,리스,True,True,,0,0,0,0,0,0,1,0,0,,0,,0,0,False,False,,,,,,,,,,,,,,,,,,,,,,,,,사고 상세 없음,2 | 2 | 1 | 1,flood_part_count,2025-08-08,False,False,True,False,False,False,True,,,,,,,,0,,,,,,,,,,,,,,False,,,,"충전구 절연 상태(항목 없음), 구동축전지 격리 상태(항목 없음), 고전원전기배선 상태(항목 없음)",0,성능기록부가 사진(이미지)으로만 등록된 매물입니다 — 페이지에서 읽어 낼 수 있는 항목이 없습니다,True,13,False,0,,,2026-06-07T16:53:33,84,False,"{'residualMonth': 53, 'monthlyFee': 165, 'advancePrice': None, 'depositPrice': None}",202512~202602,0,2026-08-30,2026-08-30,9116,,0,12480,BMW,382,9,,https://ci.encar.com/carpicture04/pic4214/42140437_,http://www.encar.com/dc/dc_cardetailview.do?carid=42140437,True,2026-08-30T21:48:00
ix_xdrive50,BMW iX,42600484,143수6436,9400,2025,8,33000,부산,xDrive45 M 스포츠 퍼스트 에디션,,일반,True,True,,0,0,0,0,0,1,1,0,0,,0,,0,0,False,False,,,,,,,,,,,,,,,,,,,,,,,,,사고 상세 없음,2 | 2 | 1 | 1,flood_part_count,2025-08-14,False,False,True,False,False,False,True,,,,,,,,0,,,,,,,,,,,,,,False,,,,"충전구 절연 상태(항목 없음), 구동축전지 격리 상태(항목 없음), 고전원전기배선 상태(항목 없음)",0,성능기록부가 사진(이미지)으로만 등록된 매물입니다 — 페이지에서 읽어 낼 수 있는 항목이 없습니다,True,24,False,0,,,2026-08-24T18:09:22,6,False,,,0,2026-08-30,2026-08-30,9400,,0,12710,,376,3,,https://ci.encar.com/carpicture10/pic4260/42600484_,http://www.encar.com/dc/dc_cardetailview.do?carid=42600484,True,2026-08-30T21:48:00
ix_xdrive50,BMW iX,41897090,23하8254,9750,2024,8,31000,광주,xDrive50 스포츠 플러스,,일반,True,True,,0,0,0,0,0,2,1,0,0,,0,,0,0,False,False,,,,,,,,,,,,,,,,,,,,,,,,,사고 상세 없음,2 | 3 | 1 | 1,flood_part_count,2024-08-29,False,True,False,False,False,False,True,,,,,,,,0,,,,,,,,,,,,,,False,,,,"충전구 절연 상태(항목 없음), 구동축전지 격리 상태(항목 없음), 고전원전기배선 상태(항목 없음)",0,성능기록부가 사진(이미지)으로만 등록된 매물입니다 — 페이지에서 읽어 낼 수 있는 항목이 없습니다,True,13,False,0,,,2026-06-30T14:45:34,61,False,,202507~202508,1,2026-08-30,2026-08-30,9750,,0,15200,bmw,2066,20,,https://ci.encar.com/carpicture09/pic4189/41897090_,http://www.encar.com/dc/dc_cardetailview.do?carid=41897090,True,2026-08-30T21:48:00
eqe_suv_350,벤츠 EQE SUV,42472696,63버0557,6460,2023,12,70872,인천,EQE350 4MATIC,,일반,True,False,,1,2,3,1287368,3761671,1,1,0,0,,0,,0,0,False,True,오일누유 / 미세누유 / 누유 / 냉각수누수 / 미세누수 / 누수 / 동력조향 작동 오일 누유 / 브레이크 마스터 실린더오일 누유 / 브레이크 오일 누유,,타이어,,,,,,,,,70869,False,True,"1, 이행","전기 부품 품목 보증확인요,  중고차 특성상 경미한판금/도장있음,",,"1, 렌트",,W1NGM1CB4PA026586,False,False,"외장, 내장, 광택, 룸 클리링, 휠, 타이어, 유리","2025-10-21 내차 피해(부분) 보험금 1,773,815원 (부품 1,113,368원, 공임 174,000원) | 2025-09-08 타차 가해 보험금 2,774,830원 (부품 1,441,480원, 공임 383,372원, 도장 288,635원) | 2024-03-14 타차 가해 보험금 1,323,796원 (부품 275,975원, 공임 384,060원, 도장 988,149원)",검증됨 (내차 1건 / 타차 2건 일치),3 | 2 | 1 | 1,flood_part_count,2023년 12월 29일,False,True,True,True,False,False,True,,,0.0,,,,,5,양호,70869,양호,없음,없음,있음,해당,이행,없음,없음,2023년 12월 29일,2026년 02월 28일 ~ 2027년 02월 27일,성능 · 상태점검자,True,,"변속기(txt_state 에 on/active 가 없음 (판정 불가)), 연료누출(txt_state 에 on/active 가 없음 (판정 불가))",,,3,script 의 부위별 손상표에서 읽음 (init 의 data 가 null (수리 부위 없음)),False,34,False,0,0,0,2026-08-04T09:38:15,26,False,,,1,2026-08-30,2026-08-30,6460,,0,10990,,925,1,,https://ci.encar.com/carpicture07/pic4247/42472696_,http://www.encar.com/dc/dc_cardetailview.do?carid=42472696,True,2026-08-30T21:48:03
eqe_suv_350,벤츠 EQE SUV,42410621,56누3629,7800,2024,10,11345,경기,EQE350 4MATIC,,일반,True,True,,0,0,0,0,0,0,0,0,0,,0,,0,0,False,True,,,,,0.0,,,,,False,,,,,,,,,,,False,False,,,사고 상세 없음,2 | 1,flood_part_count,2024-10-25,False,False,True,False,False,False,True,,,,,,,,0,,,,,,,,,없음,없음,,,,False,,,,"충전구 절연 상태(항목 없음), 구동축전지 격리 상태(항목 없음), 고전원전기배선 상태(항목 없음)",0,성능기록부가 사진(이미지)으로만 등록된 매물입니다 — 페이지에서 읽어 낼 수 있는 항목이 없습니다,True,26,False,0,0,0,2026-07-22T13:42:34,39,False,,,0,2026-08-30,2026-08-30,7800,,0,10990,벤츠코리아,2842,12,,https://ci.encar.com/carpicture01/pic4241/42410621_,http://www.encar.com/dc/dc_cardetailview.do?carid=42410621,True,2026-08-30T21:48:03
eqe_suv_350,벤츠 EQE SUV,42416702,210주7582,8500,2025,8,1009,경기,EQE350 4MATIC,,일반,True,True,,0,0,0,0,0,0,0,0,0,,0,,0,0,False,True,,,,,0.0,,,,,False,,,,,,,,,,,False,False,,,사고 상세 없음,2 | 1,flood_part_count,2025-08-05,False,False,True,False,False,False,True,,,,,,,,0,,,,,,,,,없음,없음,,,,False,,,,"충전구 절연 상태(항목 없음), 구동축전지 격리 상태(항목 없음), 고전원전기배선 상태(항목 없음)",0,성능기록부가 사진(이미지)으로만 등록된 매물입니다 — 페이지에서 읽어 낼 수 있는 항목이 없습니다,True,26,False,0,0,0,2026-07-30T09:33:04,31,False,,,0,2026-08-30,2026-08-30,8500,,0,11310,메르세데스벤츠코리아,2667,14,,https://ci.encar.com/carpicture01/pic4241/42416702_,http://www.encar.com/dc/dc_cardetailview.do?carid=42416702,True,2026-08-30T21:48:03
eqe_suv_350,벤츠 EQE SUV,42553711,31너3783,5650,2023,8,110762,경기,EQE350 4MATIC,,일반,True,True,,0,0,0,0,0,1,0,0,0,,0,,0,0,False,True,오일누유 / 미세누유 / 누유 / 냉각수누수 / 미세누수 / 누수 / 동력조향 작동 오일 누유 / 브레이크 마스터 실린더오일 누유 / 브레이크 오일 누유,,타이어,,,,,,,,,110741,False,False,,비금속 또는 탈부착 가능한 부품은 점검사항에서 제외되며 중고차 특성상 부분적인 판금도색은 있을 수 있습니다.,,,,W1NGM1CB1PA012225,False,False,"외장, 내장, 광택, 룸 클리링, 휠, 타이어, 유리",,사고 상세 없음,2 | 1,flood_part_count,2023년 08월 07일,False,False,True,True,False,False,True,,,0.0,,,,,5,양호,110741,양호,없음,없음,없음,해당없음,,없음,없음,2023년 08월 07일,2023년 08월 07일 ~ 2027년 08월 06일,성능 · 상태점검자,True,,,,,3,script 의 부위별 손상표에서 읽음 (init 의 data 가 null (수리 부위 없음)),False,32,True,0,0,0,2026-08-14T14:31:39,16,False,,,0,2026-08-30,2026-08-30,5650,,0,10990,,1326,20,,https://ci.encar.com/carpicture05/pic4255/42553711_,http://www.encar.com/dc/dc_cardetailview.do?carid=42553711,True,2026-08-30T21:48:03
eqe_suv_350,벤츠 EQE SUV,42343252,02무2768,7890,2023,12,10756,경기,EQE500 4MATIC,,일반,True,True,,0,0,0,0,0,0,0,0,0,,0,,0,0,False,True,오일누유 / 미세누유 / 누유 / 냉각수누수 / 미세누수 / 누수 / 동력조향 작동 오일 누유 / 브레이크 마스터 실린더오일 누유 / 브레이크 오일 누유,,타이어,,,,,,,,,10756,False,False,,"중고차 특성상 부분적인 판금,도색이 있을 수 있습니다.(FRP 및 카본재질 판독불가 보증사항에서 제외됨),내차 피해 없음정비이력 - 루프패널",,,,W1NGM2CB4PA018607,False,False,"외장, 내장, 광택, 룸 클리링, 휠, 타이어, 유리",,사고 상세 없음,2 | 1,flood_part_count,2023년 12월 15일,False,False,True,False,False,False,True,,,0.0,,,,,5,양호,10756,양호,없음,없음,없음,해당없음,,없음,없음,2023년 12월 15일,2023년 12월 15일 ~ 2027년 12월 14일,성능 · 상태점검자,True,,,,,3,script 의 부위별 손상표에서 읽음 (init 의 data 가 null (수리 부위 없음)),False,26,False,0,0,0,2026-07-09T15:48:42,52,False,,,0,2026-08-30,2026-08-30,7890,,0,12850,,966,6,,https://ci.encar.com/carpicture04/pic4234/42343252_,http://www.encar.com/dc/dc_cardetailview.do?carid=42343252,True,2026-08-30T21:48:03
eqe_suv_350,벤츠 EQE SUV,42622715,64조1540,7790,2025,5,16600,서울,EQE350 4MATIC,,일반,True,True,,0,0,0,0,0,0,0,0,0,,0,,0,0,False,True,오일누유 / 미세누유 / 누유 / 냉각수누수 / 미세누수 / 누수 / 동력조향 작동 오일 누유 / 브레이크 마스터 실린더오일 누유 / 브레이크 오일 누유,,타이어,,,,,,,,,16602,False,False,,"중고차 특성상 부분적인 판금,도색이 있을 수 있습니다.(FRP 및 카본재질 판독불가 보증사항에서 제외됨)",,,,W1NGM1CB1SA058856,False,False,"외장, 내장, 광택, 룸 클리링, 휠, 타이어, 유리",,사고 상세 없음,2 | 1,flood_part_count,2025년 05월 08일,False,False,True,False,False,False,True,,,0.0,,,,,5,양호,16602,양호,없음,없음,없음,해당없음,,없음,없음,2025년 05월 08일,2025년 05월 08일 ~ 2030년 05월 07일,성능 · 상태점검자,True,,,,,3,script 의 부위별 손상표에서 읽음 (init 의 data 가 null (수리 부위 없음)),False,26,False,0,0,0,2026-08-27T14:58:28,3,False,,202605~202606,0,2026-08-30,2026-08-30,7790,,0,11310,전국벤츠서비스센터,35,1,,https://ci.encar.com/carpicture02/pic4262/42622715_,http://www.encar.com/dc/dc_cardetailview.do?carid=42622715,True,2026-08-30T21:48:03
eqe_suv_350,벤츠 EQE SUV,42254744,45모8202,7680,2023,7,71516,서울,EQE500 4MATIC,,일반,True,False,,1,0,1,1203640,0,5,2,0,0,,0,,0,0,False,True,오일누유 / 미세누유 / 누유 / 냉각수누수 / 미세누수 / 누수 / 동력조향 작동 오일 누유 / 브레이크 마스터 실린더오일 누유 / 브레이크 오일 누유,,타이어,,,,,,,,,71509,False,False,,,,,,W1NGM2CB8PA004127,False,False,"외장, 내장, 광택, 룸 클리링, 휠, 타이어, 유리","2023-12-08 내차 피해(부분) 보험금 2,107,000원 (부품 309,130원, 공임 452,400원, 도장 442,110원)",검증됨 (내차 1건 / 타차 0건 일치),2 | 2 | 2 | 1 | 1 | 1,flood_part_count,2023년 07월 28일,False,False,False,True,False,False,True,,,0.0,,,,,5,양호,71509,양호,없음,없음,없음,해당없음,,없음,없음,2023년 07월 28일,2024년 06월 26일 ~ 2026년 06월 25일,성능 · 상태점검자,True,,"변속기(txt_state 에 on/active 가 없음 (판정 불가)), 연료누출(txt_state 에 on/active 가 없음 (판정 불가))",,,3,script 의 부위별 손상표에서 읽음 (init 의 data 가 null (수리 부위 없음)),False,44,False,0,0,0,2026-08-26T08:00:35,4,True,,202307~202407 | 202604~202604,0,2026-08-30,2026-08-30,7680,,0,12850,벤츠코리아,201,5,,https://ci.encar.com/carpicture05/pic4225/42254744_,http://www.encar.com/dc/dc_cardetailview.do?carid=42254744,True,2026-08-30T21:48:04
eqe_suv_350,벤츠 EQE SUV,42625793,64조1498,8900,2025,5,14562,경기,EQE500 4MATIC,,일반,True,True,,0,0,0,0,0,0,0,0,0,,0,,0,0,False,True,오일누유 / 미세누유 / 누유 / 냉각수누수 / 미세누수 / 누수 / 동력조향 작동 오일 누유 / 브레이크 마스터 실린더오일 누유 / 브레이크 오일 누유,,타이어,,,,,,,,,14562,False,False,,"중고차 특성상 부분적인 판금,도색이 있을 수 있습니다.(FRP 및 카본재질 판독불가 보증사항에서 제외됨)",,,,W1NGM2CB2SA060167,False,False,"외장, 내장, 광택, 룸 클리링, 휠, 타이어, 유리",,사고 상세 없음,2 | 1,flood_part_count,2025년 05월 08일,False,False,True,False,False,False,True,,,0.0,,,,,5,양호,14562,양호,없음,없음,없음,해당없음,,없음,없음,2025년 05월 08일,2025년 05월 08일 ~ 2030년 05월 07일,성능 · 상태점검자,True,,,,,3,script 의 부위별 손상표에서 읽음 (init 의 data 가 null (수리 부위 없음)),False,26,False,0,0,0,2026-08-28T15:02:00,2,False,,202605~202606,0,2026-08-30,2026-08-30,8900,,0,13620,벤츠 코리아,83,2,,https://ci.encar.com/carpicture02/pic4262/42625793_,http://www.encar.com/dc/dc_cardetailview.do?carid=42625793,True,2026-08-30T21:48:04
eqe_suv_350,벤츠 EQE SUV,42432744,06보2649,6399,2023,9,104999,경기,EQE500 4MATIC,,일반,True,True,,0,0,0,0,0,2,1,0,0,,0,,0,0,False,True,오일누유 / 미세누유 / 누유 / 냉각수누수 / 미세누수 / 누수 / 동력조향 작동 오일 누유 / 브레이크 마스터 실린더오일 누유 / 브레이크 오일 누유,,타이어,"도어(우) 판금/용접(W) — 외판 1랭크, 구조 영향 없음 (볼트 체결 부품, 법적으로 무사고 표기 가능)",1.5,외판1,W,,,,,104994,False,False,,"조휀다부분판금도장/보험이력있음/정비이력있음/비금속(FRP),크로스멤버 볼트체결방식 또는 탈부착 가능한 부품은 점검사항에서 제외되며 중고차 특성상 판금 도장 부식은 있을 수 있고 경미한 판금 및 도장은 표기치 않음《성능보험 신한EZ손해보험 접수처 : 1644-3933》 / 《보험료 입금계좌 : 신한 140-015-639182 (주)아이엠오토랩》",,"1, 렌트",,W1NGM2CB3PA017240,False,True,"외장, 내장, 광택, 룸 클리링, 휠, 타이어, 유리",,사고 상세 없음,3 | 2 | 1 | 1,flood_part_count,2023년 09월 25일,False,True,False,True,False,False,True,성능기록부,"도어(우) 판금/용접(W) — 외판 1랭크, 구조 영향 없음 (볼트 체결 부품, 법적으로 무사고 표기 가능)",1.5,외판1,W,,,5,양호,104994,양호,없음,없음,있음,해당없음,,없음,있음,2023년 09월 25일,2026년 11월 06일 ~ 2027년 11월 05일,성능 · 상태점검자,False,,,,,3,script 의 부위별 손상표에서 읽음 (data (script #6)),False,41,False,0,0,0,2026-07-27T15:42:47,34,False,,,1,2026-08-30,2026-08-30,6399,,0,12850,벤츠코리아,1111,16,,https://ci.encar.com/carpicture03/pic4243/42432744_,http://www.encar.com/dc/dc_cardetailview.do?carid=42432744,True,2026-08-30T21:48:04
eqe_suv_350,벤츠 EQE SUV,42485855,37보5665,9801,2023,12,38000,경기,EQE500 4MATIC,,리스,True,False,,1,0,1,727760,0,0,0,0,0,,0,,0,0,False,False,,,,,,,,,,,,,,,,,,,,,,,,"2024-11-14 내차 피해(부분) 보험금 1,588,000원 (부품 140,000원, 공임 237,760원, 도장 350,000원)",검증됨 (내차 1건 / 타차 0건 일치),2 | 1,flood_part_count,2024-06-04,False,False,True,False,False,False,True,,,,,,,,0,,,,,,,,,,,,,,False,,,,"충전구 절연 상태(항목 없음), 구동축전지 격리 상태(항목 없음), 고전원전기배선 상태(항목 없음)",0,성능기록부가 사진(이미지)으로만 등록된 매물입니다 — 페이지에서 읽어 낼 수 있는 항목이 없습니다,True,25,False,0,0,0,2026-08-06T11:15:02,24,False,"{'residualMonth': 25, 'monthlyFee': 167, 'advancePrice': None, 'depositPrice': None}",,0,2026-08-30,2026-08-30,9801,,0,12850,,303,1,,https://ci.encar.com/carpicture08/pic4248/42485855_,http://www.encar.com/dc/dc_cardetailview.do?carid=42485855,True,2026-08-30T21:48:04
eqe_suv_350,벤츠 EQE SUV,42174989,42너1822,7650,2023,12,10318,전남광주,EQE500 4MATIC,,일반,True,True,,0,0,0,0,0,1,0,0,0,,0,,0,0,False,True,,,,,0.0,,,,,False,,,,,,,,,,,False,False,,,사고 상세 없음,2 | 1,flood_part_count,2024-03-29,False,False,True,True,False,False,True,,,,,,,,0,,,,,,,,,없음,없음,,,,False,,,,"충전구 절연 상태(항목 없음), 구동축전지 격리 상태(항목 없음), 고전원전기배선 상태(항목 없음)",0,성능기록부가 사진(이미지)으로만 등록된 매물입니다 — 페이지에서 읽어 낼 수 있는 항목이 없습니다,True,28,False,0,0,0,2026-08-13T05:21:05,17,True,,,0,2026-08-30,2026-08-30,7650,,0,12850,벤츠서비스 센터,795,8,,https://ci.encar.com/carpicture07/pic4217/42174989_,http://www.encar.com/dc/dc_cardetailview.do?carid=42174989,True,2026-08-30T21:48:04
eqe_suv_350,벤츠 EQE SUV,40706711,52노1969,6750,2023,12,34579,전남광주,EQE350 4MATIC,,일반,True,False,,1,0,1,1789180,0,1,1,0,0,,0,,0,0,False,True,,,,,0.0,,,,,False,,,,,,,,,,,False,False,,"2024-03-24 내차 피해 보험금 1,432,180원 (부품 1,354,180원, 공임 435,000원)",검증됨 (내차 1건 / 타차 0건 일치),3 | 2 | 1 | 1,flood_part_count,2024-03-04,False,False,True,True,False,False,True,,,,,,,,0,,,,,,,,,없음,없음,,,,False,,,,"충전구 절연 상태(항목 없음), 구동축전지 격리 상태(항목 없음), 고전원전기배선 상태(항목 없음)",0,성능기록부가 사진(이미지)으로만 등록된 매물입니다 — 페이지에서 읽어 낼 수 있는 항목이 없습니다,True,26,False,0,0,0,2026-08-18T09:44:13,12,True,,,1,2026-08-30,2026-08-30,6750,,0,10990,벤츠서비스,535,10,,https://ci.encar.com/carpicture10/pic4070/40706711_,http://www.encar.com/dc/dc_cardetailview.do?carid=40706711,True,2026-08-30T21:48:04
eqe_suv_350,벤츠 EQE SUV,40993324,05로3495,6790,2023,7,46575,경기,EQE500 4MATIC,,일반,True,False,,2,0,2,8737933,0,1,0,0,0,,0,,0,0,False,True,오일누유 / 미세누유 / 누유 / 냉각수누수 / 미세누수 / 누수 / 동력조향 작동 오일 누유 / 브레이크 마스터 실린더오일 누유 / 브레이크 오일 누유,,타이어,,,,,,,,,46583,False,False,,보험·정비이력있음/중고차 특성상 부분적인 판금 도색은 있을 수 있습니다. 국토부 통합이력과 점검내용이 상이할 수 있습니다.,,,,W1NGM2CB1PA004308,False,False,"외장, 내장, 광택, 룸 클리링, 휠, 타이어, 유리","2025-04-26 내차 피해 보험금 3,900,000원 (부품 3,174,001원, 공임 435,000원, 도장 422,734원) | 2025-01-21 내차 피해 보험금 4,568,000원 (부품 4,497,398원, 공임 208,800원)",검증됨 (내차 2건 / 타차 0건 일치),2 | 1,flood_part_count,2023년 07월 31일,False,False,True,True,False,False,True,,,0.0,,,,,5,양호,46583,양호,없음,없음,없음,해당없음,,없음,없음,2023년 07월 31일,2023년 07월 31일 ~ 2027년 07월 30일,성능 · 상태점검자,True,,"변속기(txt_state 에 on/active 가 없음 (판정 불가)), 연료누출(txt_state 에 on/active 가 없음 (판정 불가))",,,3,script 의 부위별 손상표에서 읽음 (init 의 data 가 null (수리 부위 없음)),False,20,False,0,0,0,2026-07-20T21:30:13,41,True,,,0,2026-08-30,2026-08-30,6790,,0,12850,,1730,11,,https://ci.encar.com/carpicture09/pic4099/40993324_,http://www.encar.com/dc/dc_cardetailview.do?carid=40993324,True,2026-08-30T21:48:04
eqe_suv_350,벤츠 EQE SUV,42265369,15어2958,7500,2023,12,35658,경기,EQE500 4MATIC,,일반,True,False,,0,1,1,0,574939,4,1,0,0,,0,,0,0,False,True,오일누유 / 미세누유 / 누유 / 냉각수누수 / 미세누수 / 누수 / 동력조향 작동 오일 누유 / 브레이크 마스터 실린더오일 누유 / 브레이크 오일 누유,,타이어,,,,,,,,,35645,False,False,,"단순판금 및 도장여부(마스킹자국,도막차이,페인트방청흔적,내판 용접봉자국,판금 면처리불량,이색도장불량 등 내용)와 볼트체결 가능한 골격의 판결여부는 체크하지 않음/정비이력 有 [신한EZ손보:1644-3933]",,,,W1NGM2CB3PA017741,False,False,"외장, 내장, 광택, 룸 클리링, 휠, 타이어, 유리","2025-01-07 타차 가해 보험금 713,500원 (부품 157,890원, 공임 136,420원, 도장 280,629원)",검증됨 (내차 0건 / 타차 1건 일치),2 | 2 | 1 | 1,flood_part_count,2023년 12월 28일,False,False,False,True,False,False,True,,,0.0,,,,,5,양호,35645,양호,없음,없음,없음,해당없음,,없음,없음,2023년 12월 28일,2024년 08월 27일 ~ 2026년 08월 26일,성능 · 상태점검자,True,,,,,3,script 의 부위별 손상표에서 읽음 (init 의 data 가 null (수리 부위 없음)),False,20,False,0,0,0,2026-08-29T21:24:23,1,True,,202408~202410,0,2026-08-30,2026-08-30,7500,,0,12850,,125,1,,https://ci.encar.com/carpicture06/pic4226/42265369_,http://www.encar.com/dc/dc_cardetailview.do?carid=42265369,True,2026-08-30T21:48:04
eqe_suv_350,벤츠 EQE SUV,42211335,02우7335,6450,2023,8,62164,부산,EQE500 4MATIC,,일반,True,False,,1,0,1,5064669,0,1,1,0,0,,0,,0,0,False,True,오일누유 / 미세누유 / 누유 / 냉각수누수 / 미세누수 / 누수 / 동력조향 작동 오일 누유 / 브레이크 마스터 실린더오일 누유 / 브레이크 오일 누유,,타이어,"트렁크리드 판금/용접(W) — 외판 1랭크, 구조 영향 없음 (볼트 체결 부품, 법적으로 무사고 표기 가능)",1.5,외판1,W,,,,,62163,False,False,,"비금속(FRP 플라스틱)의 탈부착 가능 부품은 점검사항에서 제외되며 중고차 특성 상 부분적인 판금,도색 및 차량의 노후화에 따른 자연스러운 부식이 있을 수 있습니다. 기능상 영향없는 감각적 손해(소음/진동/냄새/외관/작동감각 등) 보증제외.",,,,W1NGM2CB2PA015480,False,True,"외장, 내장, 광택, 룸 클리링, 휠, 타이어, 유리","2026-02-02 내차 피해(부분) 보험금 6,071,560원 (부품 2,788,200원, 공임 1,729,760원, 도장 546,709원)",검증됨 (내차 1건 / 타차 0건 일치),3 | 2 | 1 | 1,flood_part_count,2023년 08월 03일,False,False,True,True,False,False,True,성능기록부,"트렁크리드 판금/용접(W) — 외판 1랭크, 구조 영향 없음 (볼트 체결 부품, 법적으로 무사고 표기 가능)",1.5,외판1,W,,,5,양호,62163,양호,없음,없음,없음,해당없음,,없음,있음,2023년 08월 03일,2025년 09월 06일 ~ 2026년 09월 05일,성능 · 상태점검자,False,,,,,3,script 의 부위별 손상표에서 읽음 (data (script #6)),False,34,False,0,0,0,2026-08-18T21:27:44,12,True,,202308~202604,1,2026-08-30,2026-08-30,6450,,0,12850,,627,2,,https://ci.encar.com/carpicture01/pic4221/42211335_,http://www.encar.com/dc/dc_cardetailview.do?carid=42211335,True,2026-08-30T21:48:05
eqe_suv_350,벤츠 EQE SUV,42286833,02우7562,6790,2023,9,59890,부산,EQE500 4MATIC,,일반,True,True,,0,0,0,0,0,1,1,0,0,,0,,0,0,False,True,오일누유 / 미세누유 / 누유 / 냉각수누수 / 미세누수 / 누수 / 동력조향 작동 오일 누유 / 브레이크 마스터 실린더오일 누유 / 브레이크 오일 누유,,타이어,,,,,,,,,59888,False,False,,"비금속(FRP 플라스틱)의 탈부착 가능 부품은 점검사항에서 제외되며 중고차 특성 상 부분적인 판금,도색 및 차량의 노후화에 따른 자연스러운 부식이 있을 수 있습니다. 기능상 영향없는 감각적 손해(소음/진동/냄새/외관/작동감각 등) 보증제외.",,,,W1NGM2CB5PA004604,False,False,"외장, 내장, 광택, 룸 클리링, 휠, 타이어, 유리",,사고 상세 없음,3 | 2 | 1 | 1,flood_part_count,2023년 09월 04일,False,False,True,True,False,False,True,,,0.0,,,,,5,양호,59888,양호,없음,없음,없음,해당없음,,없음,없음,2023년 09월 04일,2025년 09월 04일 ~ 2026년 09월 03일,성능 · 상태점검자,True,,,,,3,script 의 부위별 손상표에서 읽음 (init 의 data 가 null (수리 부위 없음)),False,33,False,0,0,0,2026-07-01T18:11:16,60,False,,202309~202604,1,2026-08-30,2026-08-30,6790,,0,12850,,1886,5,,https://ci.encar.com/carpicture08/pic4228/42286833_,http://www.encar.com/dc/dc_cardetailview.do?carid=42286833,True,2026-08-30T21:48:04
eqe_suv_350,벤츠 EQE SUV,42396124,393고1782,8700,2025,11,843,서울,EQE350 4MATIC,,일반,True,True,,0,0,0,0,0,0,0,0,0,,0,,0,0,False,True,,,,,0.0,,,,,False,,,,,,,,,,,False,False,,,사고 상세 없음,2 | 1,flood_part_count,2025-11-05,False,False,True,False,False,False,True,,,,,,,,0,,,,,,,,,없음,없음,,,,False,,,,"충전구 절연 상태(항목 없음), 구동축전지 격리 상태(항목 없음), 고전원전기배선 상태(항목 없음)",0,성능기록부가 사진(이미지)으로만 등록된 매물입니다 — 페이지에서 읽어 낼 수 있는 항목이 없습니다,True,24,False,0,0,0,2026-07-20T15:23:28,41,False,,202604~202605,0,2026-08-30,2026-08-30,8700,,0,11310,메르세데스벤츠코리아,808,4,,https://ci.encar.com/carpicture09/pic4239/42396124_,http://www.encar.com/dc/dc_cardetailview.do?carid=42396124,True,2026-08-30T21:48:05
eqe_suv_350,벤츠 EQE SUV,42184747,46오6526,8000,2023,7,13300,서울,EQE500 4MATIC,,일반,True,False,,1,0,1,1916121,0,1,0,0,0,,0,,0,0,False,True,,,,,0.0,,,,,False,,,,,,,,,,,False,False,,"2024-01-18 내차 피해 보험금 1,680,000원 (부품 1,834,121원, 공임 82,000원)",검증됨 (내차 1건 / 타차 0건 일치),2 | 1,flood_part_count,2023-07-24,False,False,True,False,False,False,True,,,,,,,,0,,,,,,,,,없음,없음,,,,False,,,,"충전구 절연 상태(항목 없음), 구동축전지 격리 상태(항목 없음), 고전원전기배선 상태(항목 없음)",0,성능기록부가 사진(이미지)으로만 등록된 매물입니다 — 페이지에서 읽어 낼 수 있는 항목이 없습니다,True,23,False,0,0,0,2026-07-22T13:48:13,39,False,,,0,2026-08-30,2026-08-30,8000,,0,12850,메르세데스벤츠코리아,1413,9,,https://ci.encar.com/carpicture08/pic4218/42184747_,http://www.encar.com/dc/dc_cardetailview.do?carid=42184747,True,2026-08-30T21:48:05
eqe_suv_350,벤츠 EQE SUV,42616082,10구6174,6480,2023,7,62545,경기,EQE350 4MATIC,,일반,True,True,,0,0,0,0,0,1,0,0,0,,0,,0,0,False,True,오일누유 / 미세누유 / 누유 / 냉각수누수 / 미세누수 / 누수 / 동력조향 작동 오일 누유 / 브레이크 마스터 실린더오일 누유 / 브레이크 오일 누유,,타이어,,,,,,,,,62529,False,False,,비금속 또는 탈부착 가능한 부품은 점검사항에서 제외되며 중고차 특성상 부분적인 판금도색은 있을 수 있습니다. FRP/크로스멤버 볼트체결방식 점검제외.♣ 성능보험료 납부계좌 : MG새마을금고 9002-1994-5215-3 예금주 : 주식회사팀모터스 《성능보험  메리츠보험 접수처 : 1533-2729》 ♣[전기차량으로 배출가스 및 내연기관차량 점검항목 점검불가],,,,W1NGM1CB4PA009920,False,False,"외장, 내장, 광택, 룸 클리링, 휠, 타이어, 유리",,사고 상세 없음,2 | 1,flood_part_count,2023년 07월 31일,False,False,True,True,False,False,True,,,0.0,,,,,5,양호,62529,양호,없음,없음,없음,해당없음,,없음,없음,2023년 07월 31일,2023년 07월 31일 ~ 2027년 07월 30일,성능 · 상태점검자,True,,연료누출(txt_state 에 on/active 가 없음 (판정 불가)),,,3,script 의 부위별 손상표에서 읽음 (init 의 data 가 null (수리 부위 없음)),False,40,False,0,0,0,2026-08-27T15:47:47,3,False,,,0,2026-08-30,2026-08-30,6480,,0,10990,,76,0,,https://ci.encar.com/carpicture01/pic4261/42616082_,http://www.encar.com/dc/dc_cardetailview.do?carid=42616082,True,2026-08-30T21:48:05
eqe_suv_350,벤츠 EQE SUV,42604098,130두6442,9500,2025,10,1019,경기,EQE500 4MATIC,,일반,True,True,,0,0,0,0,0,0,0,0,0,,0,,0,0,False,True,,,,,0.0,,,,,False,,,,,,,,,,,False,False,,,사고 상세 없음,2 | 1,flood_part_count,2025-10-02,False,False,True,False,False,False,True,,,,,,,,0,,,,,,,,,없음,없음,,,,False,,,,"충전구 절연 상태(항목 없음), 구동축전지 격리 상태(항목 없음), 고전원전기배선 상태(항목 없음)",0,성능기록부가 사진(이미지)으로만 등록된 매물입니다 — 페이지에서 읽어 낼 수 있는 항목이 없습니다,True,25,False,0,0,0,2026-08-25T11:49:57,5,False,,,0,2026-08-30,2026-08-30,9500,,0,13620,정식서비스센터,126,5,,https://ci.encar.com/carpicture10/pic4260/42604098_,http://www.encar.com/dc/dc_cardetailview.do?carid=42604098,True,2026-08-30T21:48:05
eqe_suv_350,벤츠 EQE SUV,42604120,296다8840,9800,2026,4,2665,경기,EQE500 4MATIC,,일반,True,True,,0,0,0,0,0,0,0,0,0,,0,,0,0,False,True,,,,,0.0,,,,,False,,,,,,,,,,,False,False,,,사고 상세 없음,2 | 1,flood_part_count,2026-04-10,False,False,True,False,False,False,True,,,,,,,,0,,,,,,,,,없음,없음,,,,False,,,,"충전구 절연 상태(항목 없음), 구동축전지 격리 상태(항목 없음), 고전원전기배선 상태(항목 없음)",0,성능기록부가 사진(이미지)으로만 등록된 매물입니다 — 페이지에서 읽어 낼 수 있는 항목이 없습니다,True,26,False,0,0,0,2026-08-25T11:52:38,5,False,,202604~202606,0,2026-08-30,2026-08-30,9800,,0,14080,정식서비스센터,214,4,,https://ci.encar.com/carpicture10/pic4260/42604120_,http://www.encar.com/dc/dc_cardetailview.do?carid=42604120,True,2026-08-30T21:48:05
eqe_suv_350,벤츠 EQE SUV,42561492,296다8854,8050,2026,4,1069,경기,EQE350+,,일반,True,True,,0,0,0,0,0,0,0,0,0,,0,,0,0,False,True,,,,,0.0,,,,,False,,,,,,,,,,,False,False,,,사고 상세 없음,2 | 1,flood_part_count,2026-04-30,False,False,True,False,False,False,True,,,,,,,,0,,,,,,,,,없음,없음,,,,False,,,,"충전구 절연 상태(항목 없음), 구동축전지 격리 상태(항목 없음), 고전원전기배선 상태(항목 없음)",0,성능기록부가 사진(이미지)으로만 등록된 매물입니다 — 페이지에서 읽어 낼 수 있는 항목이 없습니다,True,26,False,0,0,0,2026-08-18T10:42:06,12,False,,,0,2026-08-30,2026-08-30,8050,,0,10600,정식서비스센터,405,7,,https://ci.encar.com/carpicture06/pic4256/42561492_,http://www.encar.com/dc/dc_cardetailview.do?carid=42561492,True,2026-08-30T21:48:05
eqe_suv_350,벤츠 EQE SUV,42613234,186도1630,8650,2024,12,10427,서울,EQE500 4MATIC,,일반,True,True,,0,0,0,0,0,0,0,0,0,,0,,0,0,False,True,오일누유 / 미세누유 / 누유 / 냉각수누수 / 미세누수 / 누수 / 동력조향 작동 오일 누유 / 브레이크 마스터 실린더오일 누유 / 브레이크 오일 누유,"비금속(FRP 플라스틱)의 탈부착 가능 부품은 점검사항에서 제외되며 중고차 특성 상 부분적인 판금,도색 및 차량의 노후화에 따른 자연스러운 부식이 있을 수 있습니다.",타이어,,,,,,,,,10427,False,False,,"비금속(FRP 플라스틱)의 탈부착 가능 부품은 점검사항에서 제외되며 중고차 특성 상 부분적인 판금,도색 및 차량의 노후화에 따른 자연스러운 부식이 있을 수 있습니다.",,,,W1NGM2CB5RA049061,False,False,"외장, 내장, 광택, 룸 클리링, 휠, 타이어, 유리",,사고 상세 없음,2 | 1,flood_part_count,2024년 12월 02일,False,False,True,False,False,False,True,,,0.0,,,,,5,양호,10427,양호,없음,없음,없음,해당없음,,없음,없음,2024년 12월 02일,2025년 10월 02일 ~ 2030년 10월 01일,성능 · 상태점검자,True,,"누유(txt_state 에 on/active 가 없음 (판정 불가)), 제동(txt_state 에 on/active 가 없음 (판정 불가)), 연료누출(txt_state 에 on/active 가 없음 (판정 불가))",,,3,script 의 부위별 손상표에서 읽음 (init 의 data 가 null (수리 부위 없음)),False,26,False,0,0,0,2026-08-27T15:15:04,3,False,,,0,2026-08-30,2026-08-30,8650,,0,13300,메르세데스 벤츠,203,6,,https://ci.encar.com/carpicture01/pic4261/42613234_,http://www.encar.com/dc/dc_cardetailview.do?carid=42613234,True,2026-08-30T21:48:05
eqe_suv_350,벤츠 EQE SUV,42297429,176라7036,7890,2025,8,23196,대구,EQE350 4MATIC,,일반,True,True,,0,0,0,0,0,0,0,0,0,,0,,0,0,False,False,,,,,,,,,,,,,,,,,,,,,,,,,사고 상세 없음,2 | 1,flood_part_count,2025-08-01,False,False,True,False,False,False,True,,,,,,,,0,,,,,,,,,,,,,,False,,,,"충전구 절연 상태(항목 없음), 구동축전지 격리 상태(항목 없음), 고전원전기배선 상태(항목 없음)",0,성능기록부가 사진(이미지)으로만 등록된 매물입니다 — 페이지에서 읽어 낼 수 있는 항목이 없습니다,True,26,False,0,0,0,2026-07-02T14:54:47,59,False,,,0,2026-08-30,2026-08-30,7890,,0,11310,벤츠,1038,14,,https://ci.encar.com/carpicture09/pic4229/42297429_,http://www.encar.com/dc/dc_cardetailview.do?carid=42297429,True,2026-08-30T21:48:05
eqe_suv_350,벤츠 EQE SUV,42176310,176라7089,8290,2025,8,6230,대구,EQE350 4MATIC,,일반,True,True,,0,0,0,0,0,0,0,0,0,,0,,0,0,False,False,,,,,,,,,,,,,,,,,,,,,,,,,사고 상세 없음,2 | 1,flood_part_count,2025-08-01,False,False,True,False,False,False,True,,,,,,,,0,,,,,,,,,,,,,,False,,,,"충전구 절연 상태(항목 없음), 구동축전지 격리 상태(항목 없음), 고전원전기배선 상태(항목 없음)",0,성능기록부가 사진(이미지)으로만 등록된 매물입니다 — 페이지에서 읽어 낼 수 있는 항목이 없습니다,True,26,False,0,0,0,2026-07-14T15:29:33,47,False,,,0,2026-08-30,2026-08-30,8290,,0,11310,벤츠코리아(주),1715,15,,https://ci.encar.com/carpicture07/pic4217/42176310_,http://www.encar.com/dc/dc_cardetailview.do?carid=42176310,True,2026-08-30T21:48:05
eqe_suv_350,벤츠 EQE SUV,42633346,57마4831,9950,2025,9,18,광주,EQE500 4MATIC,,일반,True,True,,0,0,0,0,0,0,0,0,0,,0,,0,0,False,False,,,,,,,,,,,,,,,,,,,,,,,,,사고 상세 없음,2 | 1,flood_part_count,2025-09-01,False,False,True,False,False,False,True,,,,,,,,0,,,,,,,,,,,,,,False,,,,"충전구 절연 상태(항목 없음), 구동축전지 격리 상태(항목 없음), 고전원전기배선 상태(항목 없음)",0,성능기록부가 사진(이미지)으로만 등록된 매물입니다 — 페이지에서 읽어 낼 수 있는 항목이 없습니다,True,24,False,0,0,0,2026-08-28T18:27:44,2,False,,,0,2026-08-30,2026-08-30,9950,,0,13620,메르세데스벤츠,49,1,,https://ci.encar.com/carpicture03/pic4263/42633346_,http://www.encar.com/dc/dc_cardetailview.do?carid=42633346,True,2026-08-30T21:48:05
eqe_suv_350,벤츠 EQE SUV,42405639,278오2149,7300,2024,12,20959,경남,EQE350 4MATIC,,일반,True,False,,1,0,1,2060525,0,0,0,0,0,,0,,0,0,False,True,오일누유 / 미세누유 / 누유 / 냉각수누수 / 미세누수 / 누수 / 동력조향 작동 오일 누유 / 브레이크 마스터 실린더오일 누유 / 브레이크 오일 누유,,타이어,,,,,,,,,20941,False,False,,,,,,W1NGM1CB2RA048797,False,False,"외장, 내장, 광택, 룸 클리링, 휠, 타이어, 유리","2025-08-17 내차 피해(부분) 보험금 2,260,000원 (부품 1,828,125원, 공임 232,400원)",검증됨 (내차 1건 / 타차 0건 일치),2 | 1,flood_part_count,2024년 12월 31일,False,False,True,False,False,False,True,,,0.0,,,,,5,양호,20941,양호,없음,없음,없음,해당없음,,없음,없음,2024년 12월 31일,2025년 03월 31일 ~ 2030년 03월 30일,성능 · 상태점검자,True,,,,,3,script 의 부위별 손상표에서 읽음 (init 의 data 가 null (수리 부위 없음)),False,26,False,0,0,0,2026-07-21T17:26:54,40,False,,,0,2026-08-30,2026-08-30,7300,,0,10990,,441,2,,https://ci.encar.com/carpicture10/pic4240/42405639_,http://www.encar.com/dc/dc_cardetailview.do?carid=42405639,True,2026-08-30T21:48:05
eqe_suv_350,벤츠 EQE SUV,42607401,278오2144,7300,2024,12,25786,경남,EQE350 4MATIC,,일반,True,False,,1,0,1,2087000,0,0,0,0,0,,0,,0,0,False,True,오일누유 / 미세누유 / 누유 / 냉각수누수 / 미세누수 / 누수 / 동력조향 작동 오일 누유 / 브레이크 마스터 실린더오일 누유 / 브레이크 오일 누유,,타이어,,,,,,,,,25769,False,False,,,,,,W1NGM1CB6RA057907,False,False,"외장, 내장, 광택, 룸 클리링, 휠, 타이어, 유리","2025-05-09 내차 피해 보험금 1,670,000원 (부품 2,087,000원)",검증됨 (내차 1건 / 타차 0건 일치),2 | 1,flood_part_count,2024년 12월 31일,False,False,True,False,False,False,True,,,0.0,,,,,5,양호,25769,양호,없음,없음,없음,해당없음,,없음,없음,2024년 12월 31일,2025년 03월 31일 ~ 2030년 03월 30일,성능 · 상태점검자,True,,,,,3,script 의 부위별 손상표에서 읽음 (init 의 data 가 null (수리 부위 없음)),False,26,False,0,0,0,2026-08-28T15:02:14,2,False,,202605~202606,0,2026-08-30,2026-08-30,7300,,0,10990,메르세데스벤츠코리아,97,1,,https://ci.encar.com/carpicture10/pic4260/42607401_,http://www.encar.com/dc/dc_cardetailview.do?carid=42607401,True,2026-08-30T21:48:05
eqe_suv_350,벤츠 EQE SUV,42209517,278오2138,9300,2025,8,8459,경남,EQE500 4MATIC,,일반,True,False,,1,0,1,1506110,0,0,0,0,0,,0,,0,0,False,True,오일누유 / 미세누유 / 누유 / 냉각수누수 / 미세누수 / 누수 / 동력조향 작동 오일 누유 / 브레이크 마스터 실린더오일 누유 / 브레이크 오일 누유,,타이어,,,,,,,,,7642,False,False,,,,,,W1NGM2CB3SA060212,False,False,"외장, 내장, 광택, 룸 클리링, 휠, 타이어, 유리","2026-01-27 내차 피해(부분) 보험금 2,401,313원 (부품 749,522원, 공임 427,500원, 도장 329,088원)",검증됨 (내차 1건 / 타차 0건 일치),2 | 1,flood_part_count,2025년 08월 08일,False,False,True,False,False,False,True,,,0.0,,,,,5,양호,7642,양호,없음,없음,없음,해당없음,,없음,없음,2025년 08월 08일,2025년 08월 08일 ~ 2030년 08월 07일,성능 · 상태점검자,True,,,,,3,script 의 부위별 손상표에서 읽음 (init 의 data 가 null (수리 부위 없음)),False,26,False,0,0,0,2026-06-18T11:16:53,73,False,,,0,2026-08-30,2026-08-30,9300,,0,13620,,1346,20,,https://ci.encar.com/carpicture10/pic4220/42209517_,http://www.encar.com/dc/dc_cardetailview.do?carid=42209517,True,2026-08-30T21:48:06
eqe_suv_350,벤츠 EQE SUV,42020727,39조9643,6750,2023,9,52066,대전,EQE350 4MATIC,,일반,True,False,,1,0,1,1996500,0,3,1,0,0,,0,,0,0,False,True,,,,,0.0,,,,,False,,,,,,,,,,,False,False,,"2024-04-16 내차 피해 보험금 1,752,361원 (부품 1,218,510원, 공임 446,080원, 도장 331,910원)",검증됨 (내차 1건 / 타차 0건 일치),2 | 2 | 1 | 1,flood_part_count,2023-09-26,False,False,False,False,False,False,True,,,,,,,,0,,,,,,,,,없음,없음,,,,False,,,,"충전구 절연 상태(항목 없음), 구동축전지 격리 상태(항목 없음), 고전원전기배선 상태(항목 없음)",0,성능기록부가 사진(이미지)으로만 등록된 매물입니다 — 페이지에서 읽어 낼 수 있는 항목이 없습니다,True,24,False,0,0,0,2026-08-27T09:46:44,3,False,,202309~202409 | 202509~202509,0,2026-08-30,2026-08-30,6750,,0,10990,메르세데스벤츠코리아,2835,10,,https://ci.encar.com/carpicture02/pic4202/42020727_,http://www.encar.com/dc/dc_cardetailview.do?carid=42020727,True,2026-08-30T21:48:06
eqe_suv_350,벤츠 EQE SUV,42170881,397라2704,9200,2025,10,7165,대전,EQE500 4MATIC,,일반,True,False,,3,0,3,14073780,0,0,0,0,0,,0,,0,0,False,True,,,,,0.0,,,,,False,,,,,,,,,,,False,False,,"2026-03-15 내차 피해 보험금 5,780,000원 (부품 5,115,833원, 공임 734,720원, 도장 935,226원) | 2026-03-15 내차 피해 보험금 3,220,000원 (부품 2,637,506원, 공임 1,251,680원, 도장 335,648원) | 2026-01-07 내차 피해 보험금 2,145,000원 (부품 2,827,916원, 공임 235,251원)",검증됨 (내차 3건 / 타차 0건 일치),2 | 1,flood_part_count,2025-10-10,False,False,True,False,False,False,True,,,,,,,,0,,,,,,,,,없음,없음,,,,False,,,,"충전구 절연 상태(항목 없음), 구동축전지 격리 상태(항목 없음), 고전원전기배선 상태(항목 없음)",0,성능기록부가 사진(이미지)으로만 등록된 매물입니다 — 페이지에서 읽어 낼 수 있는 항목이 없습니다,True,26,False,0,0,0,2026-06-15T11:13:59,76,False,,,0,2026-08-30,2026-08-30,9200,,0,13620,메르세데스벤츠코리아,2269,14,,https://ci.encar.com/carpicture07/pic4217/42170881_,http://www.encar.com/dc/dc_cardetailview.do?carid=42170881,True,2026-08-30T21:48:06
eqe_suv_350,벤츠 EQE SUV,42375204,66부6721,5577,2023,11,124572,대구,EQE350 4MATIC,,일반,True,False,,1,1,2,7131094,2544259,0,0,0,0,,0,,0,0,False,True,오일누유 / 미세누유 / 누유 / 냉각수누수 / 미세누수 / 누수 / 동력조향 작동 오일 누유 / 브레이크 마스터 실린더오일 누유 / 브레이크 오일 누유,,타이어,,,,,,,,,124572,False,False,,(주)퍼스트엠 김종운,,,,W1NGM1CB2PA021788,False,False,"외장, 내장, 광택, 룸 클리링, 휠, 타이어, 유리","2025-07-05 내차 피해 보험금 4,980,000원 (부품 6,187,085원, 공임 526,585원, 도장 417,424원) | 2025-07-05 타차 가해 보험금 2,150,570원 (부품 779,780원, 공임 926,620원, 도장 837,859원)",검증됨 (내차 1건 / 타차 1건 일치),2 | 1,flood_part_count,2023년 11월 28일,False,False,True,True,False,False,True,,,0.0,,,,,5,양호,124572,양호,없음,없음,없음,해당없음,,없음,없음,2023년 11월 28일,2023년 11월 28일 ~ 2027년 11월 27일,성능 · 상태점검자,True,,,,,3,script 의 부위별 손상표에서 읽음 (init 의 data 가 null (수리 부위 없음)),False,20,False,0,0,0,2026-07-15T15:02:56,46,False,,,0,2026-08-30,2026-08-30,5577,,0,10990,메리츠화재,2156,12,,https://ci.encar.com/carpicture07/pic4237/42375204_,http://www.encar.com/dc/dc_cardetailview.do?carid=42375204,True,2026-08-30T21:48:06
eqe_suv_350,벤츠 EQE SUV,42546600,19러1376,8050,2026,4,5400,경기,EQE350+,,일반,True,True,,0,0,0,0,0,0,0,0,0,,0,,0,0,False,True,오일누유 / 미세누유 / 누유 / 냉각수누수 / 미세누수 / 누수 / 동력조향 작동 오일 누유 / 브레이크 마스터 실린더오일 누유 / 브레이크 오일 누유,"비금속(FRP 플라스틱)의 탈부착 가능 부품은 점검사항에서 제외되며 중고차 특성 상 부분적인 판금,도색 및 차량의 노후화에 따른 자연스러운 부식이 있을 수 있습니다.",타이어,,,,,,,,,5400,False,False,,"비금속(FRP 플라스틱)의 탈부착 가능 부품은 점검사항에서 제외되며 중고차 특성 상 부분적인 판금,도색 및 차량의 노후화에 따른 자연스러운 부식이 있을 수 있습니다.",,,,W1NGM2BB6TA070512,False,False,"외장, 내장, 광택, 룸 클리링, 휠, 타이어, 유리",,사고 상세 없음,2 | 1,flood_part_count,2026년 04월 13일,False,False,True,False,False,False,True,,,0.0,,,,,5,양호,5400,양호,없음,없음,없음,해당없음,,없음,없음,2026년 04월 13일,2026년 04월 13일 ~ 2031년 04월 12일,성능 · 상태점검자,True,조향,"누유(txt_state 에 on/active 가 없음 (판정 불가)), 냉각수누수(txt_state 에 on/active 가 없음 (판정 불가)), 제동(txt_state 에 on/active 가 없음 (판정 불가)), 연료누출(txt_state 에 on/active 가 없음 (판정 불가))",,,3,script 의 부위별 손상표에서 읽음 (init 의 data 가 null (수리 부위 없음)),False,18,False,0,0,0,2026-08-13T16:09:35,17,False,,202604~202605,0,2026-08-30,2026-08-30,8050,,0,10600,메르세데스벤츠,371,5,,https://ci.encar.com/carpicture04/pic4254/42546600_,http://www.encar.com/dc/dc_cardetailview.do?carid=42546600,True,2026-08-30T21:48:06
eqe_suv_350,벤츠 EQE SUV,42479098,29두2910,7370,2023,8,17700,부산,EQE500 4MATIC,,일반,True,True,,0,0,0,0,0,2,1,0,0,,0,,0,0,False,False,,,,,,,,,,,,,,,,,,,,,,,,,사고 상세 없음,2 | 2 | 1 | 1,flood_part_count,2023-08-23,False,False,False,False,False,False,True,,,,,,,,0,,,,,,,,,,,,,,False,,,,"충전구 절연 상태(항목 없음), 구동축전지 격리 상태(항목 없음), 고전원전기배선 상태(항목 없음)",0,성능기록부가 사진(이미지)으로만 등록된 매물입니다 — 페이지에서 읽어 낼 수 있는 항목이 없습니다,True,9,False,0,,,2026-08-03T16:24:13,27,False,,202509~202511,0,2026-08-30,2026-08-30,7370,,0,12850,,602,9,,https://ci.encar.com/carpicture07/pic4247/42479098_,http://www.encar.com/dc/dc_cardetailview.do?carid=42479098,True,2026-08-30T21:48:06
eqe_suv_350,벤츠 EQE SUV,41989964,106모2367,7780,2024,12,16000,울산,EQE350 4MATIC,,일반,True,True,,0,0,0,0,0,0,0,0,0,,0,,0,0,False,False,,,,,,,,,,,,,,,,,,,,,,,,,사고 상세 없음,2 | 1,flood_part_count,2025-05-01,False,False,True,False,False,False,True,,,,,,,,0,,,,,,,,,,,,,,False,,,,"충전구 절연 상태(항목 없음), 구동축전지 격리 상태(항목 없음), 고전원전기배선 상태(항목 없음)",0,성능기록부가 사진(이미지)으로만 등록된 매물입니다 — 페이지에서 읽어 낼 수 있는 항목이 없습니다,True,22,False,0,0,0,2026-05-09T13:24:23,113,False,,,0,2026-08-30,2026-08-30,7780,,0,10990,,1901,18,,https://ci.encar.com/carpicture08/pic4198/41989964_,http://www.encar.com/dc/dc_cardetailview.do?carid=41989964,True,2026-08-30T21:48:06
eqe_suv_350,벤츠 EQE SUV,42509704,19러1553,9900,2026,4,3642,충남,EQE500 4MATIC,,일반,True,True,,0,0,0,0,0,0,0,0,0,,0,,0,0,False,True,,,,,0.0,,,,,False,,,,,,,,,,,False,False,,,사고 상세 없음,2 | 1,flood_part_count,2026-04-14,False,False,True,False,False,False,True,,,,,,,,0,,,,,,,,,없음,없음,,,,False,,,,"충전구 절연 상태(항목 없음), 구동축전지 격리 상태(항목 없음), 고전원전기배선 상태(항목 없음)",0,성능기록부가 사진(이미지)으로만 등록된 매물입니다 — 페이지에서 읽어 낼 수 있는 항목이 없습니다,True,26,False,0,0,0,2026-08-07T13:05:07,23,False,,202604~202605,0,2026-08-30,2026-08-30,9900,,0,14080,,647,10,,https://ci.encar.com/carpicture10/pic4250/42509704_,http://www.encar.com/dc/dc_cardetailview.do?carid=42509704,True,2026-08-30T21:48:06
eqe_suv_350,벤츠 EQE SUV,42565606,61부3901,9400,2024,12,15189,경기,EQE500 4MATIC,,일반,True,False,,1,0,1,3187055,0,1,1,0,0,,0,,0,0,False,False,,,,,,,,,,,,,,,,,,,,,,,,"2025-09-28 내차 피해 보험금 2,231,000원 (부품 1,997,221원, 공임 1,189,834원)",검증됨 (내차 1건 / 타차 0건 일치),2 | 2 | 1 | 1,flood_part_count,2025-05-08,False,False,True,False,False,False,True,,,,,,,,0,,,,,,,,,,,,,,False,,,,"충전구 절연 상태(항목 없음), 구동축전지 격리 상태(항목 없음), 고전원전기배선 상태(항목 없음)",0,성능기록부가 사진(이미지)으로만 등록된 매물입니다 — 페이지에서 읽어 낼 수 있는 항목이 없습니다,True,26,False,0,0,0,2026-08-19T15:15:02,11,False,,202601~202601,0,2026-08-30,2026-08-30,9400,,0,13300,,125,1,,https://ci.encar.com/carpicture06/pic4256/42565606_,http://www.encar.com/dc/dc_cardetailview.do?carid=42565606,True,2026-08-30T21:48:06
eqe_suv_350,벤츠 EQE SUV,41333360,36로6577,7600,2024,12,6500,서울,EQE350 4MATIC,,일반,True,True,,0,0,0,0,0,0,0,0,0,,0,,0,0,False,False,,,,,,,,,,,,,,,,,,,,,,,,,사고 상세 없음,2 | 1,flood_part_count,2025-02-12,False,False,True,False,False,False,True,,,,,,,,0,,,,,,,,,,,,,,False,,,,"충전구 절연 상태(항목 없음), 구동축전지 격리 상태(항목 없음), 고전원전기배선 상태(항목 없음)",0,성능기록부가 사진(이미지)으로만 등록된 매물입니다 — 페이지에서 읽어 낼 수 있는 항목이 없습니다,True,23,False,0,0,0,2026-03-14T11:51:35,169,False,,,0,2026-08-30,2026-08-30,7600,,0,10990,가능,5231,80,,https://ci.encar.com/carpicture03/pic4133/41333360_,http://www.encar.com/dc/dc_cardetailview.do?carid=41333360,True,2026-08-30T21:48:06
